mode_hr,mode_num,mode_oct,mode_hex,mode_hex_minus_prefix
---------,0000,00000,0x0,0
--------x,0001,00001,0x1,1
-------w-,0002,00002,0x2,2
-------wx,0003,00003,0x3,3
-------r-,0004,00004,0x4,4
------r-x,0005,00005,0x5,5
------rw-,0006,00006,0x6,6
------rwx,0007,00007,0x7,7
-----x---,0010,00010,0x8,8
-----x--x,0011,00011,0x9,9
-----x-w-,0012,00012,0xa,a
-----x-wx,0013,00013,0xb,b
-----x-r-,0014,00014,0xc,c
-----xr-x,0015,00015,0xd,d
-----xrw-,0016,00016,0xe,e
-----xrwx,0017,00017,0xf,f
----w----,0020,00020,0x10,10
----w---x,0021,00021,0x11,11
----w--w-,0022,00022,0x12,12
----w--wx,0023,00023,0x13,13
----w--r-,0024,00024,0x14,14
----w-r-x,0025,00025,0x15,15
----w-rw-,0026,00026,0x16,16
----w-rwx,0027,00027,0x17,17
----wx---,0030,00030,0x18,18
----wx--x,0031,00031,0x19,19
----wx-w-,0032,00032,0x1a,1a
----wx-wx,0033,00033,0x1b,1b
----wx-r-,0034,00034,0x1c,1c
----wxr-x,0035,00035,0x1d,1d
----wxrw-,0036,00036,0x1e,1e
----wxrwx,0037,00037,0x1f,1f
----r----,0040,00040,0x20,20
----r---x,0041,00041,0x21,21
----r--w-,0042,00042,0x22,22
----r--wx,0043,00043,0x23,23
----r--r-,0044,00044,0x24,24
----r-r-x,0045,00045,0x25,25
----r-rw-,0046,00046,0x26,26
----r-rwx,0047,00047,0x27,27
---r-x---,0050,00050,0x28,28
---r-x--x,0051,00051,0x29,29
---r-x-w-,0052,00052,0x2a,2a
---r-x-wx,0053,00053,0x2b,2b
---r-x-r-,0054,00054,0x2c,2c
---r-xr-x,0055,00055,0x2d,2d
---r-xrw-,0056,00056,0x2e,2e
---r-xrwx,0057,00057,0x2f,2f
---rw----,0060,00060,0x30,30
---rw---x,0061,00061,0x31,31
---rw--w-,0062,00062,0x32,32
---rw--wx,0063,00063,0x33,33
---rw--r-,0064,00064,0x34,34
---rw-r-x,0065,00065,0x35,35
---rw-rw-,0066,00066,0x36,36
---rw-rwx,0067,00067,0x37,37
---rwx---,0070,00070,0x38,38
---rwx--x,0071,00071,0x39,39
---rwx-w-,0072,00072,0x3a,3a
---rwx-wx,0073,00073,0x3b,3b
---rwx-r-,0074,00074,0x3c,3c
---rwxr-x,0075,00075,0x3d,3d
---rwxrw-,0076,00076,0x3e,3e
---rwxrwx,0077,00077,0x3f,3f
--x------,0100,00100,0x40,40
--x-----x,0101,00101,0x41,41
--x----w-,0102,00102,0x42,42
--x----wx,0103,00103,0x43,43
--x----r-,0104,00104,0x44,44
--x---r-x,0105,00105,0x45,45
--x---rw-,0106,00106,0x46,46
--x---rwx,0107,00107,0x47,47
--x--x---,0110,00110,0x48,48
--x--x--x,0111,00111,0x49,49
--x--x-w-,0112,00112,0x4a,4a
--x--x-wx,0113,00113,0x4b,4b
--x--x-r-,0114,00114,0x4c,4c
--x--xr-x,0115,00115,0x4d,4d
--x--xrw-,0116,00116,0x4e,4e
--x--xrwx,0117,00117,0x4f,4f
--x-w----,0120,00120,0x50,50
--x-w---x,0121,00121,0x51,51
--x-w--w-,0122,00122,0x52,52
--x-w--wx,0123,00123,0x53,53
--x-w--r-,0124,00124,0x54,54
--x-w-r-x,0125,00125,0x55,55
--x-w-rw-,0126,00126,0x56,56
--x-w-rwx,0127,00127,0x57,57
--x-wx---,0130,00130,0x58,58
--x-wx--x,0131,00131,0x59,59
--x-wx-w-,0132,00132,0x5a,5a
--x-wx-wx,0133,00133,0x5b,5b
--x-wx-r-,0134,00134,0x5c,5c
--x-wxr-x,0135,00135,0x5d,5d
--x-wxrw-,0136,00136,0x5e,5e
--x-wxrwx,0137,00137,0x5f,5f
--x-r----,0140,00140,0x60,60
--x-r---x,0141,00141,0x61,61
--x-r--w-,0142,00142,0x62,62
--x-r--wx,0143,00143,0x63,63
--x-r--r-,0144,00144,0x64,64
--x-r-r-x,0145,00145,0x65,65
--x-r-rw-,0146,00146,0x66,66
--x-r-rwx,0147,00147,0x67,67
--xr-x---,0150,00150,0x68,68
--xr-x--x,0151,00151,0x69,69
--xr-x-w-,0152,00152,0x6a,6a
--xr-x-wx,0153,00153,0x6b,6b
--xr-x-r-,0154,00154,0x6c,6c
--xr-xr-x,0155,00155,0x6d,6d
--xr-xrw-,0156,00156,0x6e,6e
--xr-xrwx,0157,00157,0x6f,6f
--xrw----,0160,00160,0x70,70
--xrw---x,0161,00161,0x71,71
--xrw--w-,0162,00162,0x72,72
--xrw--wx,0163,00163,0x73,73
--xrw--r-,0164,00164,0x74,74
--xrw-r-x,0165,00165,0x75,75
--xrw-rw-,0166,00166,0x76,76
--xrw-rwx,0167,00167,0x77,77
--xrwx---,0170,00170,0x78,78
--xrwx--x,0171,00171,0x79,79
--xrwx-w-,0172,00172,0x7a,7a
--xrwx-wx,0173,00173,0x7b,7b
--xrwx-r-,0174,00174,0x7c,7c
--xrwxr-x,0175,00175,0x7d,7d
--xrwxrw-,0176,00176,0x7e,7e
--xrwxrwx,0177,00177,0x7f,7f
-w-------,0200,00200,0x80,80
-w------x,0201,00201,0x81,81
-w-----w-,0202,00202,0x82,82
-w-----wx,0203,00203,0x83,83
-w-----r-,0204,00204,0x84,84
-w----r-x,0205,00205,0x85,85
-w----rw-,0206,00206,0x86,86
-w----rwx,0207,00207,0x87,87
-w---x---,0210,00210,0x88,88
-w---x--x,0211,00211,0x89,89
-w---x-w-,0212,00212,0x8a,8a
-w---x-wx,0213,00213,0x8b,8b
-w---x-r-,0214,00214,0x8c,8c
-w---xr-x,0215,00215,0x8d,8d
-w---xrw-,0216,00216,0x8e,8e
-w---xrwx,0217,00217,0x8f,8f
-w--w----,0220,00220,0x90,90
-w--w---x,0221,00221,0x91,91
-w--w--w-,0222,00222,0x92,92
-w--w--wx,0223,00223,0x93,93
-w--w--r-,0224,00224,0x94,94
-w--w-r-x,0225,00225,0x95,95
-w--w-rw-,0226,00226,0x96,96
-w--w-rwx,0227,00227,0x97,97
-w--wx---,0230,00230,0x98,98
-w--wx--x,0231,00231,0x99,99
-w--wx-w-,0232,00232,0x9a,9a
-w--wx-wx,0233,00233,0x9b,9b
-w--wx-r-,0234,00234,0x9c,9c
-w--wxr-x,0235,00235,0x9d,9d
-w--wxrw-,0236,00236,0x9e,9e
-w--wxrwx,0237,00237,0x9f,9f
-w--r----,0240,00240,0xa0,a0
-w--r---x,0241,00241,0xa1,a1
-w--r--w-,0242,00242,0xa2,a2
-w--r--wx,0243,00243,0xa3,a3
-w--r--r-,0244,00244,0xa4,a4
-w--r-r-x,0245,00245,0xa5,a5
-w--r-rw-,0246,00246,0xa6,a6
-w--r-rwx,0247,00247,0xa7,a7
-w-r-x---,0250,00250,0xa8,a8
-w-r-x--x,0251,00251,0xa9,a9
-w-r-x-w-,0252,00252,0xaa,aa
-w-r-x-wx,0253,00253,0xab,ab
-w-r-x-r-,0254,00254,0xac,ac
-w-r-xr-x,0255,00255,0xad,ad
-w-r-xrw-,0256,00256,0xae,ae
-w-r-xrwx,0257,00257,0xaf,af
-w-rw----,0260,00260,0xb0,b0
-w-rw---x,0261,00261,0xb1,b1
-w-rw--w-,0262,00262,0xb2,b2
-w-rw--wx,0263,00263,0xb3,b3
-w-rw--r-,0264,00264,0xb4,b4
-w-rw-r-x,0265,00265,0xb5,b5
-w-rw-rw-,0266,00266,0xb6,b6
-w-rw-rwx,0267,00267,0xb7,b7
-w-rwx---,0270,00270,0xb8,b8
-w-rwx--x,0271,00271,0xb9,b9
-w-rwx-w-,0272,00272,0xba,ba
-w-rwx-wx,0273,00273,0xbb,bb
-w-rwx-r-,0274,00274,0xbc,bc
-w-rwxr-x,0275,00275,0xbd,bd
-w-rwxrw-,0276,00276,0xbe,be
-w-rwxrwx,0277,00277,0xbf,bf
-wx------,0300,00300,0xc0,c0
-wx-----x,0301,00301,0xc1,c1
-wx----w-,0302,00302,0xc2,c2
-wx----wx,0303,00303,0xc3,c3
-wx----r-,0304,00304,0xc4,c4
-wx---r-x,0305,00305,0xc5,c5
-wx---rw-,0306,00306,0xc6,c6
-wx---rwx,0307,00307,0xc7,c7
-wx--x---,0310,00310,0xc8,c8
-wx--x--x,0311,00311,0xc9,c9
-wx--x-w-,0312,00312,0xca,ca
-wx--x-wx,0313,00313,0xcb,cb
-wx--x-r-,0314,00314,0xcc,cc
-wx--xr-x,0315,00315,0xcd,cd
-wx--xrw-,0316,00316,0xce,ce
-wx--xrwx,0317,00317,0xcf,cf
-wx-w----,0320,00320,0xd0,d0
-wx-w---x,0321,00321,0xd1,d1
-wx-w--w-,0322,00322,0xd2,d2
-wx-w--wx,0323,00323,0xd3,d3
-wx-w--r-,0324,00324,0xd4,d4
-wx-w-r-x,0325,00325,0xd5,d5
-wx-w-rw-,0326,00326,0xd6,d6
-wx-w-rwx,0327,00327,0xd7,d7
-wx-wx---,0330,00330,0xd8,d8
-wx-wx--x,0331,00331,0xd9,d9
-wx-wx-w-,0332,00332,0xda,da
-wx-wx-wx,0333,00333,0xdb,db
-wx-wx-r-,0334,00334,0xdc,dc
-wx-wxr-x,0335,00335,0xdd,dd
-wx-wxrw-,0336,00336,0xde,de
-wx-wxrwx,0337,00337,0xdf,df
-wx-r----,0340,00340,0xe0,e0
-wx-r---x,0341,00341,0xe1,e1
-wx-r--w-,0342,00342,0xe2,e2
-wx-r--wx,0343,00343,0xe3,e3
-wx-r--r-,0344,00344,0xe4,e4
-wx-r-r-x,0345,00345,0xe5,e5
-wx-r-rw-,0346,00346,0xe6,e6
-wx-r-rwx,0347,00347,0xe7,e7
-wxr-x---,0350,00350,0xe8,e8
-wxr-x--x,0351,00351,0xe9,e9
-wxr-x-w-,0352,00352,0xea,ea
-wxr-x-wx,0353,00353,0xeb,eb
-wxr-x-r-,0354,00354,0xec,ec
-wxr-xr-x,0355,00355,0xed,ed
-wxr-xrw-,0356,00356,0xee,ee
-wxr-xrwx,0357,00357,0xef,ef
-wxrw----,0360,00360,0xf0,f0
-wxrw---x,0361,00361,0xf1,f1
-wxrw--w-,0362,00362,0xf2,f2
-wxrw--wx,0363,00363,0xf3,f3
-wxrw--r-,0364,00364,0xf4,f4
-wxrw-r-x,0365,00365,0xf5,f5
-wxrw-rw-,0366,00366,0xf6,f6
-wxrw-rwx,0367,00367,0xf7,f7
-wxrwx---,0370,00370,0xf8,f8
-wxrwx--x,0371,00371,0xf9,f9
-wxrwx-w-,0372,00372,0xfa,fa
-wxrwx-wx,0373,00373,0xfb,fb
-wxrwx-r-,0374,00374,0xfc,fc
-wxrwxr-x,0375,00375,0xfd,fd
-wxrwxrw-,0376,00376,0xfe,fe
-wxrwxrwx,0377,00377,0xff,ff
-r-------,0400,00400,0x100,100
-r------x,0401,00401,0x101,101
-r-----w-,0402,00402,0x102,102
-r-----wx,0403,00403,0x103,103
-r-----r-,0404,00404,0x104,104
-r----r-x,0405,00405,0x105,105
-r----rw-,0406,00406,0x106,106
-r----rwx,0407,00407,0x107,107
-r---x---,0410,00410,0x108,108
-r---x--x,0411,00411,0x109,109
-r---x-w-,0412,00412,0x10a,10a
-r---x-wx,0413,00413,0x10b,10b
-r---x-r-,0414,00414,0x10c,10c
-r---xr-x,0415,00415,0x10d,10d
-r---xrw-,0416,00416,0x10e,10e
-r---xrwx,0417,00417,0x10f,10f
-r--w----,0420,00420,0x110,110
-r--w---x,0421,00421,0x111,111
-r--w--w-,0422,00422,0x112,112
-r--w--wx,0423,00423,0x113,113
-r--w--r-,0424,00424,0x114,114
-r--w-r-x,0425,00425,0x115,115
-r--w-rw-,0426,00426,0x116,116
-r--w-rwx,0427,00427,0x117,117
-r--wx---,0430,00430,0x118,118
-r--wx--x,0431,00431,0x119,119
-r--wx-w-,0432,00432,0x11a,11a
-r--wx-wx,0433,00433,0x11b,11b
-r--wx-r-,0434,00434,0x11c,11c
-r--wxr-x,0435,00435,0x11d,11d
-r--wxrw-,0436,00436,0x11e,11e
-r--wxrwx,0437,00437,0x11f,11f
-r--r----,0440,00440,0x120,120
-r--r---x,0441,00441,0x121,121
-r--r--w-,0442,00442,0x122,122
-r--r--wx,0443,00443,0x123,123
-r--r--r-,0444,00444,0x124,124
-r--r-r-x,0445,00445,0x125,125
-r--r-rw-,0446,00446,0x126,126
-r--r-rwx,0447,00447,0x127,127
-r-r-x---,0450,00450,0x128,128
-r-r-x--x,0451,00451,0x129,129
-r-r-x-w-,0452,00452,0x12a,12a
-r-r-x-wx,0453,00453,0x12b,12b
-r-r-x-r-,0454,00454,0x12c,12c
-r-r-xr-x,0455,00455,0x12d,12d
-r-r-xrw-,0456,00456,0x12e,12e
-r-r-xrwx,0457,00457,0x12f,12f
-r-rw----,0460,00460,0x130,130
-r-rw---x,0461,00461,0x131,131
-r-rw--w-,0462,00462,0x132,132
-r-rw--wx,0463,00463,0x133,133
-r-rw--r-,0464,00464,0x134,134
-r-rw-r-x,0465,00465,0x135,135
-r-rw-rw-,0466,00466,0x136,136
-r-rw-rwx,0467,00467,0x137,137
-r-rwx---,0470,00470,0x138,138
-r-rwx--x,0471,00471,0x139,139
-r-rwx-w-,0472,00472,0x13a,13a
-r-rwx-wx,0473,00473,0x13b,13b
-r-rwx-r-,0474,00474,0x13c,13c
-r-rwxr-x,0475,00475,0x13d,13d
-r-rwxrw-,0476,00476,0x13e,13e
-r-rwxrwx,0477,00477,0x13f,13f
r-x------,0500,00500,0x140,140
r-x-----x,0501,00501,0x141,141
r-x----w-,0502,00502,0x142,142
r-x----wx,0503,00503,0x143,143
r-x----r-,0504,00504,0x144,144
r-x---r-x,0505,00505,0x145,145
r-x---rw-,0506,00506,0x146,146
r-x---rwx,0507,00507,0x147,147
r-x--x---,0510,00510,0x148,148
r-x--x--x,0511,00511,0x149,149
r-x--x-w-,0512,00512,0x14a,14a
r-x--x-wx,0513,00513,0x14b,14b
r-x--x-r-,0514,00514,0x14c,14c
r-x--xr-x,0515,00515,0x14d,14d
r-x--xrw-,0516,00516,0x14e,14e
r-x--xrwx,0517,00517,0x14f,14f
r-x-w----,0520,00520,0x150,150
r-x-w---x,0521,00521,0x151,151
r-x-w--w-,0522,00522,0x152,152
r-x-w--wx,0523,00523,0x153,153
r-x-w--r-,0524,00524,0x154,154
r-x-w-r-x,0525,00525,0x155,155
r-x-w-rw-,0526,00526,0x156,156
r-x-w-rwx,0527,00527,0x157,157
r-x-wx---,0530,00530,0x158,158
r-x-wx--x,0531,00531,0x159,159
r-x-wx-w-,0532,00532,0x15a,15a
r-x-wx-wx,0533,00533,0x15b,15b
r-x-wx-r-,0534,00534,0x15c,15c
r-x-wxr-x,0535,00535,0x15d,15d
r-x-wxrw-,0536,00536,0x15e,15e
r-x-wxrwx,0537,00537,0x15f,15f
r-x-r----,0540,00540,0x160,160
r-x-r---x,0541,00541,0x161,161
r-x-r--w-,0542,00542,0x162,162
r-x-r--wx,0543,00543,0x163,163
r-x-r--r-,0544,00544,0x164,164
r-x-r-r-x,0545,00545,0x165,165
r-x-r-rw-,0546,00546,0x166,166
r-x-r-rwx,0547,00547,0x167,167
r-xr-x---,0550,00550,0x168,168
r-xr-x--x,0551,00551,0x169,169
r-xr-x-w-,0552,00552,0x16a,16a
r-xr-x-wx,0553,00553,0x16b,16b
r-xr-x-r-,0554,00554,0x16c,16c
r-xr-xr-x,0555,00555,0x16d,16d
r-xr-xrw-,0556,00556,0x16e,16e
r-xr-xrwx,0557,00557,0x16f,16f
r-xrw----,0560,00560,0x170,170
r-xrw---x,0561,00561,0x171,171
r-xrw--w-,0562,00562,0x172,172
r-xrw--wx,0563,00563,0x173,173
r-xrw--r-,0564,00564,0x174,174
r-xrw-r-x,0565,00565,0x175,175
r-xrw-rw-,0566,00566,0x176,176
r-xrw-rwx,0567,00567,0x177,177
r-xrwx---,0570,00570,0x178,178
r-xrwx--x,0571,00571,0x179,179
r-xrwx-w-,0572,00572,0x17a,17a
r-xrwx-wx,0573,00573,0x17b,17b
r-xrwx-r-,0574,00574,0x17c,17c
r-xrwxr-x,0575,00575,0x17d,17d
r-xrwxrw-,0576,00576,0x17e,17e
r-xrwxrwx,0577,00577,0x17f,17f
rw-------,0600,00600,0x180,180
rw------x,0601,00601,0x181,181
rw-----w-,0602,00602,0x182,182
rw-----wx,0603,00603,0x183,183
rw-----r-,0604,00604,0x184,184
rw----r-x,0605,00605,0x185,185
rw----rw-,0606,00606,0x186,186
rw----rwx,0607,00607,0x187,187
rw---x---,0610,00610,0x188,188
rw---x--x,0611,00611,0x189,189
rw---x-w-,0612,00612,0x18a,18a
rw---x-wx,0613,00613,0x18b,18b
rw---x-r-,0614,00614,0x18c,18c
rw---xr-x,0615,00615,0x18d,18d
rw---xrw-,0616,00616,0x18e,18e
rw---xrwx,0617,00617,0x18f,18f
rw--w----,0620,00620,0x190,190
rw--w---x,0621,00621,0x191,191
rw--w--w-,0622,00622,0x192,192
rw--w--wx,0623,00623,0x193,193
rw--w--r-,0624,00624,0x194,194
rw--w-r-x,0625,00625,0x195,195
rw--w-rw-,0626,00626,0x196,196
rw--w-rwx,0627,00627,0x197,197
rw--wx---,0630,00630,0x198,198
rw--wx--x,0631,00631,0x199,199
rw--wx-w-,0632,00632,0x19a,19a
rw--wx-wx,0633,00633,0x19b,19b
rw--wx-r-,0634,00634,0x19c,19c
rw--wxr-x,0635,00635,0x19d,19d
rw--wxrw-,0636,00636,0x19e,19e
rw--wxrwx,0637,00637,0x19f,19f
rw--r----,0640,00640,0x1a0,1a0
rw--r---x,0641,00641,0x1a1,1a1
rw--r--w-,0642,00642,0x1a2,1a2
rw--r--wx,0643,00643,0x1a3,1a3
rw--r--r-,0644,00644,0x1a4,1a4
rw--r-r-x,0645,00645,0x1a5,1a5
rw--r-rw-,0646,00646,0x1a6,1a6
rw--r-rwx,0647,00647,0x1a7,1a7
rw-r-x---,0650,00650,0x1a8,1a8
rw-r-x--x,0651,00651,0x1a9,1a9
rw-r-x-w-,0652,00652,0x1aa,1aa
rw-r-x-wx,0653,00653,0x1ab,1ab
rw-r-x-r-,0654,00654,0x1ac,1ac
rw-r-xr-x,0655,00655,0x1ad,1ad
rw-r-xrw-,0656,00656,0x1ae,1ae
rw-r-xrwx,0657,00657,0x1af,1af
rw-rw----,0660,00660,0x1b0,1b0
rw-rw---x,0661,00661,0x1b1,1b1
rw-rw--w-,0662,00662,0x1b2,1b2
rw-rw--wx,0663,00663,0x1b3,1b3
rw-rw--r-,0664,00664,0x1b4,1b4
rw-rw-r-x,0665,00665,0x1b5,1b5
rw-rw-rw-,0666,00666,0x1b6,1b6
rw-rw-rwx,0667,00667,0x1b7,1b7
rw-rwx---,0670,00670,0x1b8,1b8
rw-rwx--x,0671,00671,0x1b9,1b9
rw-rwx-w-,0672,00672,0x1ba,1ba
rw-rwx-wx,0673,00673,0x1bb,1bb
rw-rwx-r-,0674,00674,0x1bc,1bc
rw-rwxr-x,0675,00675,0x1bd,1bd
rw-rwxrw-,0676,00676,0x1be,1be
rw-rwxrwx,0677,00677,0x1bf,1bf
rwx------,0700,00700,0x1c0,1c0
rwx-----x,0701,00701,0x1c1,1c1
rwx----w-,0702,00702,0x1c2,1c2
rwx----wx,0703,00703,0x1c3,1c3
rwx----r-,0704,00704,0x1c4,1c4
rwx---r-x,0705,00705,0x1c5,1c5
rwx---rw-,0706,00706,0x1c6,1c6
rwx---rwx,0707,00707,0x1c7,1c7
rwx--x---,0710,00710,0x1c8,1c8
rwx--x--x,0711,00711,0x1c9,1c9
rwx--x-w-,0712,00712,0x1ca,1ca
rwx--x-wx,0713,00713,0x1cb,1cb
rwx--x-r-,0714,00714,0x1cc,1cc
rwx--xr-x,0715,00715,0x1cd,1cd
rwx--xrw-,0716,00716,0x1ce,1ce
rwx--xrwx,0717,00717,0x1cf,1cf
rwx-w----,0720,00720,0x1d0,1d0
rwx-w---x,0721,00721,0x1d1,1d1
rwx-w--w-,0722,00722,0x1d2,1d2
rwx-w--wx,0723,00723,0x1d3,1d3
rwx-w--r-,0724,00724,0x1d4,1d4
rwx-w-r-x,0725,00725,0x1d5,1d5
rwx-w-rw-,0726,00726,0x1d6,1d6
rwx-w-rwx,0727,00727,0x1d7,1d7
rwx-wx---,0730,00730,0x1d8,1d8
rwx-wx--x,0731,00731,0x1d9,1d9
rwx-wx-w-,0732,00732,0x1da,1da
rwx-wx-wx,0733,00733,0x1db,1db
rwx-wx-r-,0734,00734,0x1dc,1dc
rwx-wxr-x,0735,00735,0x1dd,1dd
rwx-wxrw-,0736,00736,0x1de,1de
rwx-wxrwx,0737,00737,0x1df,1df
rwx-r----,0740,00740,0x1e0,1e0
rwx-r---x,0741,00741,0x1e1,1e1
rwx-r--w-,0742,00742,0x1e2,1e2
rwx-r--wx,0743,00743,0x1e3,1e3
rwx-r--r-,0744,00744,0x1e4,1e4
rwx-r-r-x,0745,00745,0x1e5,1e5
rwx-r-rw-,0746,00746,0x1e6,1e6
rwx-r-rwx,0747,00747,0x1e7,1e7
rwxr-x---,0750,00750,0x1e8,1e8
rwxr-x--x,0751,00751,0x1e9,1e9
rwxr-x-w-,0752,00752,0x1ea,1ea
rwxr-x-wx,0753,00753,0x1eb,1eb
rwxr-x-r-,0754,00754,0x1ec,1ec
rwxr-xr-x,0755,00755,0x1ed,1ed
rwxr-xrw-,0756,00756,0x1ee,1ee
rwxr-xrwx,0757,00757,0x1ef,1ef
rwxrw----,0760,00760,0x1f0,1f0
rwxrw---x,0761,00761,0x1f1,1f1
rwxrw--w-,0762,00762,0x1f2,1f2
rwxrw--wx,0763,00763,0x1f3,1f3
rwxrw--r-,0764,00764,0x1f4,1f4
rwxrw-r-x,0765,00765,0x1f5,1f5
rwxrw-rw-,0766,00766,0x1f6,1f6
rwxrw-rwx,0767,00767,0x1f7,1f7
rwxrwx---,0770,00770,0x1f8,1f8
rwxrwx--x,0771,00771,0x1f9,1f9
rwxrwx-w-,0772,00772,0x1fa,1fa
rwxrwx-wx,0773,00773,0x1fb,1fb
rwxrwx-r-,0774,00774,0x1fc,1fc
rwxrwxr-x,0775,00775,0x1fd,1fd
rwxrwxrw-,0776,00776,0x1fe,1fe
rwxrwxrwx,0777,00777,0x1ff,1ff
--------t,1000,01000,0x200,200
--------t,1001,01001,0x201,201
-------wt,1002,01002,0x202,202
-------wt,1003,01003,0x203,203
-------rt,1004,01004,0x204,204
------r-t,1005,01005,0x205,205
------rwt,1006,01006,0x206,206
------rwt,1007,01007,0x207,207
-----x--t,1010,01010,0x208,208
-----x--t,1011,01011,0x209,209
-----x-wt,1012,01012,0x20a,20a
-----x-wt,1013,01013,0x20b,20b
-----x-rt,1014,01014,0x20c,20c
-----xr-t,1015,01015,0x20d,20d
-----xrwt,1016,01016,0x20e,20e
-----xrwt,1017,01017,0x20f,20f
----w---t,1020,01020,0x210,210
----w---t,1021,01021,0x211,211
----w--wt,1022,01022,0x212,212
----w--wt,1023,01023,0x213,213
----w--rt,1024,01024,0x214,214
----w-r-t,1025,01025,0x215,215
----w-rwt,1026,01026,0x216,216
----w-rwt,1027,01027,0x217,217
----wx--t,1030,01030,0x218,218
----wx--t,1031,01031,0x219,219
----wx-wt,1032,01032,0x21a,21a
----wx-wt,1033,01033,0x21b,21b
----wx-rt,1034,01034,0x21c,21c
----wxr-t,1035,01035,0x21d,21d
----wxrwt,1036,01036,0x21e,21e
----wxrwt,1037,01037,0x21f,21f
----r---t,1040,01040,0x220,220
----r---t,1041,01041,0x221,221
----r--wt,1042,01042,0x222,222
----r--wt,1043,01043,0x223,223
----r--rt,1044,01044,0x224,224
----r-r-t,1045,01045,0x225,225
----r-rwt,1046,01046,0x226,226
----r-rwt,1047,01047,0x227,227
---r-x--t,1050,01050,0x228,228
---r-x--t,1051,01051,0x229,229
---r-x-wt,1052,01052,0x22a,22a
---r-x-wt,1053,01053,0x22b,22b
---r-x-rt,1054,01054,0x22c,22c
---r-xr-t,1055,01055,0x22d,22d
---r-xrwt,1056,01056,0x22e,22e
---r-xrwt,1057,01057,0x22f,22f
---rw---t,1060,01060,0x230,230
---rw---t,1061,01061,0x231,231
---rw--wt,1062,01062,0x232,232
---rw--wt,1063,01063,0x233,233
---rw--rt,1064,01064,0x234,234
---rw-r-t,1065,01065,0x235,235
---rw-rwt,1066,01066,0x236,236
---rw-rwt,1067,01067,0x237,237
---rwx--t,1070,01070,0x238,238
---rwx--t,1071,01071,0x239,239
---rwx-wt,1072,01072,0x23a,23a
---rwx-wt,1073,01073,0x23b,23b
---rwx-rt,1074,01074,0x23c,23c
---rwxr-t,1075,01075,0x23d,23d
---rwxrwt,1076,01076,0x23e,23e
---rwxrwt,1077,01077,0x23f,23f
--x-----t,1100,01100,0x240,240
--x-----t,1101,01101,0x241,241
--x----wt,1102,01102,0x242,242
--x----wt,1103,01103,0x243,243
--x----rt,1104,01104,0x244,244
--x---r-t,1105,01105,0x245,245
--x---rwt,1106,01106,0x246,246
--x---rwt,1107,01107,0x247,247
--x--x--t,1110,01110,0x248,248
--x--x--t,1111,01111,0x249,249
--x--x-wt,1112,01112,0x24a,24a
--x--x-wt,1113,01113,0x24b,24b
--x--x-rt,1114,01114,0x24c,24c
--x--xr-t,1115,01115,0x24d,24d
--x--xrwt,1116,01116,0x24e,24e
--x--xrwt,1117,01117,0x24f,24f
--x-w---t,1120,01120,0x250,250
--x-w---t,1121,01121,0x251,251
--x-w--wt,1122,01122,0x252,252
--x-w--wt,1123,01123,0x253,253
--x-w--rt,1124,01124,0x254,254
--x-w-r-t,1125,01125,0x255,255
--x-w-rwt,1126,01126,0x256,256
--x-w-rwt,1127,01127,0x257,257
--x-wx--t,1130,01130,0x258,258
--x-wx--t,1131,01131,0x259,259
--x-wx-wt,1132,01132,0x25a,25a
--x-wx-wt,1133,01133,0x25b,25b
--x-wx-rt,1134,01134,0x25c,25c
--x-wxr-t,1135,01135,0x25d,25d
--x-wxrwt,1136,01136,0x25e,25e
--x-wxrwt,1137,01137,0x25f,25f
--x-r---t,1140,01140,0x260,260
--x-r---t,1141,01141,0x261,261
--x-r--wt,1142,01142,0x262,262
--x-r--wt,1143,01143,0x263,263
--x-r--rt,1144,01144,0x264,264
--x-r-r-t,1145,01145,0x265,265
--x-r-rwt,1146,01146,0x266,266
--x-r-rwt,1147,01147,0x267,267
--xr-x--t,1150,01150,0x268,268
--xr-x--t,1151,01151,0x269,269
--xr-x-wt,1152,01152,0x26a,26a
--xr-x-wt,1153,01153,0x26b,26b
--xr-x-rt,1154,01154,0x26c,26c
--xr-xr-t,1155,01155,0x26d,26d
--xr-xrwt,1156,01156,0x26e,26e
--xr-xrwt,1157,01157,0x26f,26f
--xrw---t,1160,01160,0x270,270
--xrw---t,1161,01161,0x271,271
--xrw--wt,1162,01162,0x272,272
--xrw--wt,1163,01163,0x273,273
--xrw--rt,1164,01164,0x274,274
--xrw-r-t,1165,01165,0x275,275
--xrw-rwt,1166,01166,0x276,276
--xrw-rwt,1167,01167,0x277,277
--xrwx--t,1170,01170,0x278,278
--xrwx--t,1171,01171,0x279,279
--xrwx-wt,1172,01172,0x27a,27a
--xrwx-wt,1173,01173,0x27b,27b
--xrwx-rt,1174,01174,0x27c,27c
--xrwxr-t,1175,01175,0x27d,27d
--xrwxrwt,1176,01176,0x27e,27e
--xrwxrwt,1177,01177,0x27f,27f
-w------t,1200,01200,0x280,280
-w------t,1201,01201,0x281,281
-w-----wt,1202,01202,0x282,282
-w-----wt,1203,01203,0x283,283
-w-----rt,1204,01204,0x284,284
-w----r-t,1205,01205,0x285,285
-w----rwt,1206,01206,0x286,286
-w----rwt,1207,01207,0x287,287
-w---x--t,1210,01210,0x288,288
-w---x--t,1211,01211,0x289,289
-w---x-wt,1212,01212,0x28a,28a
-w---x-wt,1213,01213,0x28b,28b
-w---x-rt,1214,01214,0x28c,28c
-w---xr-t,1215,01215,0x28d,28d
-w---xrwt,1216,01216,0x28e,28e
-w---xrwt,1217,01217,0x28f,28f
-w--w---t,1220,01220,0x290,290
-w--w---t,1221,01221,0x291,291
-w--w--wt,1222,01222,0x292,292
-w--w--wt,1223,01223,0x293,293
-w--w--rt,1224,01224,0x294,294
-w--w-r-t,1225,01225,0x295,295
-w--w-rwt,1226,01226,0x296,296
-w--w-rwt,1227,01227,0x297,297
-w--wx--t,1230,01230,0x298,298
-w--wx--t,1231,01231,0x299,299
-w--wx-wt,1232,01232,0x29a,29a
-w--wx-wt,1233,01233,0x29b,29b
-w--wx-rt,1234,01234,0x29c,29c
-w--wxr-t,1235,01235,0x29d,29d
-w--wxrwt,1236,01236,0x29e,29e
-w--wxrwt,1237,01237,0x29f,29f
-w--r---t,1240,01240,0x2a0,2a0
-w--r---t,1241,01241,0x2a1,2a1
-w--r--wt,1242,01242,0x2a2,2a2
-w--r--wt,1243,01243,0x2a3,2a3
-w--r--rt,1244,01244,0x2a4,2a4
-w--r-r-t,1245,01245,0x2a5,2a5
-w--r-rwt,1246,01246,0x2a6,2a6
-w--r-rwt,1247,01247,0x2a7,2a7
-w-r-x--t,1250,01250,0x2a8,2a8
-w-r-x--t,1251,01251,0x2a9,2a9
-w-r-x-wt,1252,01252,0x2aa,2aa
-w-r-x-wt,1253,01253,0x2ab,2ab
-w-r-x-rt,1254,01254,0x2ac,2ac
-w-r-xr-t,1255,01255,0x2ad,2ad
-w-r-xrwt,1256,01256,0x2ae,2ae
-w-r-xrwt,1257,01257,0x2af,2af
-w-rw---t,1260,01260,0x2b0,2b0
-w-rw---t,1261,01261,0x2b1,2b1
-w-rw--wt,1262,01262,0x2b2,2b2
-w-rw--wt,1263,01263,0x2b3,2b3
-w-rw--rt,1264,01264,0x2b4,2b4
-w-rw-r-t,1265,01265,0x2b5,2b5
-w-rw-rwt,1266,01266,0x2b6,2b6
-w-rw-rwt,1267,01267,0x2b7,2b7
-w-rwx--t,1270,01270,0x2b8,2b8
-w-rwx--t,1271,01271,0x2b9,2b9
-w-rwx-wt,1272,01272,0x2ba,2ba
-w-rwx-wt,1273,01273,0x2bb,2bb
-w-rwx-rt,1274,01274,0x2bc,2bc
-w-rwxr-t,1275,01275,0x2bd,2bd
-w-rwxrwt,1276,01276,0x2be,2be
-w-rwxrwt,1277,01277,0x2bf,2bf
-wx-----t,1300,01300,0x2c0,2c0
-wx-----t,1301,01301,0x2c1,2c1
-wx----wt,1302,01302,0x2c2,2c2
-wx----wt,1303,01303,0x2c3,2c3
-wx----rt,1304,01304,0x2c4,2c4
-wx---r-t,1305,01305,0x2c5,2c5
-wx---rwt,1306,01306,0x2c6,2c6
-wx---rwt,1307,01307,0x2c7,2c7
-wx--x--t,1310,01310,0x2c8,2c8
-wx--x--t,1311,01311,0x2c9,2c9
-wx--x-wt,1312,01312,0x2ca,2ca
-wx--x-wt,1313,01313,0x2cb,2cb
-wx--x-rt,1314,01314,0x2cc,2cc
-wx--xr-t,1315,01315,0x2cd,2cd
-wx--xrwt,1316,01316,0x2ce,2ce
-wx--xrwt,1317,01317,0x2cf,2cf
-wx-w---t,1320,01320,0x2d0,2d0
-wx-w---t,1321,01321,0x2d1,2d1
-wx-w--wt,1322,01322,0x2d2,2d2
-wx-w--wt,1323,01323,0x2d3,2d3
-wx-w--rt,1324,01324,0x2d4,2d4
-wx-w-r-t,1325,01325,0x2d5,2d5
-wx-w-rwt,1326,01326,0x2d6,2d6
-wx-w-rwt,1327,01327,0x2d7,2d7
-wx-wx--t,1330,01330,0x2d8,2d8
-wx-wx--t,1331,01331,0x2d9,2d9
-wx-wx-wt,1332,01332,0x2da,2da
-wx-wx-wt,1333,01333,0x2db,2db
-wx-wx-rt,1334,01334,0x2dc,2dc
-wx-wxr-t,1335,01335,0x2dd,2dd
-wx-wxrwt,1336,01336,0x2de,2de
-wx-wxrwt,1337,01337,0x2df,2df
-wx-r---t,1340,01340,0x2e0,2e0
-wx-r---t,1341,01341,0x2e1,2e1
-wx-r--wt,1342,01342,0x2e2,2e2
-wx-r--wt,1343,01343,0x2e3,2e3
-wx-r--rt,1344,01344,0x2e4,2e4
-wx-r-r-t,1345,01345,0x2e5,2e5
-wx-r-rwt,1346,01346,0x2e6,2e6
-wx-r-rwt,1347,01347,0x2e7,2e7
-wxr-x--t,1350,01350,0x2e8,2e8
-wxr-x--t,1351,01351,0x2e9,2e9
-wxr-x-wt,1352,01352,0x2ea,2ea
-wxr-x-wt,1353,01353,0x2eb,2eb
-wxr-x-rt,1354,01354,0x2ec,2ec
-wxr-xr-t,1355,01355,0x2ed,2ed
-wxr-xrwt,1356,01356,0x2ee,2ee
-wxr-xrwt,1357,01357,0x2ef,2ef
-wxrw---t,1360,01360,0x2f0,2f0
-wxrw---t,1361,01361,0x2f1,2f1
-wxrw--wt,1362,01362,0x2f2,2f2
-wxrw--wt,1363,01363,0x2f3,2f3
-wxrw--rt,1364,01364,0x2f4,2f4
-wxrw-r-t,1365,01365,0x2f5,2f5
-wxrw-rwt,1366,01366,0x2f6,2f6
-wxrw-rwt,1367,01367,0x2f7,2f7
-wxrwx--t,1370,01370,0x2f8,2f8
-wxrwx--t,1371,01371,0x2f9,2f9
-wxrwx-wt,1372,01372,0x2fa,2fa
-wxrwx-wt,1373,01373,0x2fb,2fb
-wxrwx-rt,1374,01374,0x2fc,2fc
-wxrwxr-t,1375,01375,0x2fd,2fd
-wxrwxrwt,1376,01376,0x2fe,2fe
-wxrwxrwt,1377,01377,0x2ff,2ff
-r------t,1400,01400,0x300,300
-r------t,1401,01401,0x301,301
-r-----wt,1402,01402,0x302,302
-r-----wt,1403,01403,0x303,303
-r-----rt,1404,01404,0x304,304
-r----r-t,1405,01405,0x305,305
-r----rwt,1406,01406,0x306,306
-r----rwt,1407,01407,0x307,307
-r---x--t,1410,01410,0x308,308
-r---x--t,1411,01411,0x309,309
-r---x-wt,1412,01412,0x30a,30a
-r---x-wt,1413,01413,0x30b,30b
-r---x-rt,1414,01414,0x30c,30c
-r---xr-t,1415,01415,0x30d,30d
-r---xrwt,1416,01416,0x30e,30e
-r---xrwt,1417,01417,0x30f,30f
-r--w---t,1420,01420,0x310,310
-r--w---t,1421,01421,0x311,311
-r--w--wt,1422,01422,0x312,312
-r--w--wt,1423,01423,0x313,313
-r--w--rt,1424,01424,0x314,314
-r--w-r-t,1425,01425,0x315,315
-r--w-rwt,1426,01426,0x316,316
-r--w-rwt,1427,01427,0x317,317
-r--wx--t,1430,01430,0x318,318
-r--wx--t,1431,01431,0x319,319
-r--wx-wt,1432,01432,0x31a,31a
-r--wx-wt,1433,01433,0x31b,31b
-r--wx-rt,1434,01434,0x31c,31c
-r--wxr-t,1435,01435,0x31d,31d
-r--wxrwt,1436,01436,0x31e,31e
-r--wxrwt,1437,01437,0x31f,31f
-r--r---t,1440,01440,0x320,320
-r--r---t,1441,01441,0x321,321
-r--r--wt,1442,01442,0x322,322
-r--r--wt,1443,01443,0x323,323
-r--r--rt,1444,01444,0x324,324
-r--r-r-t,1445,01445,0x325,325
-r--r-rwt,1446,01446,0x326,326
-r--r-rwt,1447,01447,0x327,327
-r-r-x--t,1450,01450,0x328,328
-r-r-x--t,1451,01451,0x329,329
-r-r-x-wt,1452,01452,0x32a,32a
-r-r-x-wt,1453,01453,0x32b,32b
-r-r-x-rt,1454,01454,0x32c,32c
-r-r-xr-t,1455,01455,0x32d,32d
-r-r-xrwt,1456,01456,0x32e,32e
-r-r-xrwt,1457,01457,0x32f,32f
-r-rw---t,1460,01460,0x330,330
-r-rw---t,1461,01461,0x331,331
-r-rw--wt,1462,01462,0x332,332
-r-rw--wt,1463,01463,0x333,333
-r-rw--rt,1464,01464,0x334,334
-r-rw-r-t,1465,01465,0x335,335
-r-rw-rwt,1466,01466,0x336,336
-r-rw-rwt,1467,01467,0x337,337
-r-rwx--t,1470,01470,0x338,338
-r-rwx--t,1471,01471,0x339,339
-r-rwx-wt,1472,01472,0x33a,33a
-r-rwx-wt,1473,01473,0x33b,33b
-r-rwx-rt,1474,01474,0x33c,33c
-r-rwxr-t,1475,01475,0x33d,33d
-r-rwxrwt,1476,01476,0x33e,33e
-r-rwxrwt,1477,01477,0x33f,33f
r-x-----t,1500,01500,0x340,340
r-x-----t,1501,01501,0x341,341
r-x----wt,1502,01502,0x342,342
r-x----wt,1503,01503,0x343,343
r-x----rt,1504,01504,0x344,344
r-x---r-t,1505,01505,0x345,345
r-x---rwt,1506,01506,0x346,346
r-x---rwt,1507,01507,0x347,347
r-x--x--t,1510,01510,0x348,348
r-x--x--t,1511,01511,0x349,349
r-x--x-wt,1512,01512,0x34a,34a
r-x--x-wt,1513,01513,0x34b,34b
r-x--x-rt,1514,01514,0x34c,34c
r-x--xr-t,1515,01515,0x34d,34d
r-x--xrwt,1516,01516,0x34e,34e
r-x--xrwt,1517,01517,0x34f,34f
r-x-w---t,1520,01520,0x350,350
r-x-w---t,1521,01521,0x351,351
r-x-w--wt,1522,01522,0x352,352
r-x-w--wt,1523,01523,0x353,353
r-x-w--rt,1524,01524,0x354,354
r-x-w-r-t,1525,01525,0x355,355
r-x-w-rwt,1526,01526,0x356,356
r-x-w-rwt,1527,01527,0x357,357
r-x-wx--t,1530,01530,0x358,358
r-x-wx--t,1531,01531,0x359,359
r-x-wx-wt,1532,01532,0x35a,35a
r-x-wx-wt,1533,01533,0x35b,35b
r-x-wx-rt,1534,01534,0x35c,35c
r-x-wxr-t,1535,01535,0x35d,35d
r-x-wxrwt,1536,01536,0x35e,35e
r-x-wxrwt,1537,01537,0x35f,35f
r-x-r---t,1540,01540,0x360,360
r-x-r---t,1541,01541,0x361,361
r-x-r--wt,1542,01542,0x362,362
r-x-r--wt,1543,01543,0x363,363
r-x-r--rt,1544,01544,0x364,364
r-x-r-r-t,1545,01545,0x365,365
r-x-r-rwt,1546,01546,0x366,366
r-x-r-rwt,1547,01547,0x367,367
r-xr-x--t,1550,01550,0x368,368
r-xr-x--t,1551,01551,0x369,369
r-xr-x-wt,1552,01552,0x36a,36a
r-xr-x-wt,1553,01553,0x36b,36b
r-xr-x-rt,1554,01554,0x36c,36c
r-xr-xr-t,1555,01555,0x36d,36d
r-xr-xrwt,1556,01556,0x36e,36e
r-xr-xrwt,1557,01557,0x36f,36f
r-xrw---t,1560,01560,0x370,370
r-xrw---t,1561,01561,0x371,371
r-xrw--wt,1562,01562,0x372,372
r-xrw--wt,1563,01563,0x373,373
r-xrw--rt,1564,01564,0x374,374
r-xrw-r-t,1565,01565,0x375,375
r-xrw-rwt,1566,01566,0x376,376
r-xrw-rwt,1567,01567,0x377,377
r-xrwx--t,1570,01570,0x378,378
r-xrwx--t,1571,01571,0x379,379
r-xrwx-wt,1572,01572,0x37a,37a
r-xrwx-wt,1573,01573,0x37b,37b
r-xrwx-rt,1574,01574,0x37c,37c
r-xrwxr-t,1575,01575,0x37d,37d
r-xrwxrwt,1576,01576,0x37e,37e
r-xrwxrwt,1577,01577,0x37f,37f
rw------t,1600,01600,0x380,380
rw------t,1601,01601,0x381,381
rw-----wt,1602,01602,0x382,382
rw-----wt,1603,01603,0x383,383
rw-----rt,1604,01604,0x384,384
rw----r-t,1605,01605,0x385,385
rw----rwt,1606,01606,0x386,386
rw----rwt,1607,01607,0x387,387
rw---x--t,1610,01610,0x388,388
rw---x--t,1611,01611,0x389,389
rw---x-wt,1612,01612,0x38a,38a
rw---x-wt,1613,01613,0x38b,38b
rw---x-rt,1614,01614,0x38c,38c
rw---xr-t,1615,01615,0x38d,38d
rw---xrwt,1616,01616,0x38e,38e
rw---xrwt,1617,01617,0x38f,38f
rw--w---t,1620,01620,0x390,390
rw--w---t,1621,01621,0x391,391
rw--w--wt,1622,01622,0x392,392
rw--w--wt,1623,01623,0x393,393
rw--w--rt,1624,01624,0x394,394
rw--w-r-t,1625,01625,0x395,395
rw--w-rwt,1626,01626,0x396,396
rw--w-rwt,1627,01627,0x397,397
rw--wx--t,1630,01630,0x398,398
rw--wx--t,1631,01631,0x399,399
rw--wx-wt,1632,01632,0x39a,39a
rw--wx-wt,1633,01633,0x39b,39b
rw--wx-rt,1634,01634,0x39c,39c
rw--wxr-t,1635,01635,0x39d,39d
rw--wxrwt,1636,01636,0x39e,39e
rw--wxrwt,1637,01637,0x39f,39f
rw--r---t,1640,01640,0x3a0,3a0
rw--r---t,1641,01641,0x3a1,3a1
rw--r--wt,1642,01642,0x3a2,3a2
rw--r--wt,1643,01643,0x3a3,3a3
rw--r--rt,1644,01644,0x3a4,3a4
rw--r-r-t,1645,01645,0x3a5,3a5
rw--r-rwt,1646,01646,0x3a6,3a6
rw--r-rwt,1647,01647,0x3a7,3a7
rw-r-x--t,1650,01650,0x3a8,3a8
rw-r-x--t,1651,01651,0x3a9,3a9
rw-r-x-wt,1652,01652,0x3aa,3aa
rw-r-x-wt,1653,01653,0x3ab,3ab
rw-r-x-rt,1654,01654,0x3ac,3ac
rw-r-xr-t,1655,01655,0x3ad,3ad
rw-r-xrwt,1656,01656,0x3ae,3ae
rw-r-xrwt,1657,01657,0x3af,3af
rw-rw---t,1660,01660,0x3b0,3b0
rw-rw---t,1661,01661,0x3b1,3b1
rw-rw--wt,1662,01662,0x3b2,3b2
rw-rw--wt,1663,01663,0x3b3,3b3
rw-rw--rt,1664,01664,0x3b4,3b4
rw-rw-r-t,1665,01665,0x3b5,3b5
rw-rw-rwt,1666,01666,0x3b6,3b6
rw-rw-rwt,1667,01667,0x3b7,3b7
rw-rwx--t,1670,01670,0x3b8,3b8
rw-rwx--t,1671,01671,0x3b9,3b9
rw-rwx-wt,1672,01672,0x3ba,3ba
rw-rwx-wt,1673,01673,0x3bb,3bb
rw-rwx-rt,1674,01674,0x3bc,3bc
rw-rwxr-t,1675,01675,0x3bd,3bd
rw-rwxrwt,1676,01676,0x3be,3be
rw-rwxrwt,1677,01677,0x3bf,3bf
rwx-----t,1700,01700,0x3c0,3c0
rwx-----t,1701,01701,0x3c1,3c1
rwx----wt,1702,01702,0x3c2,3c2
rwx----wt,1703,01703,0x3c3,3c3
rwx----rt,1704,01704,0x3c4,3c4
rwx---r-t,1705,01705,0x3c5,3c5
rwx---rwt,1706,01706,0x3c6,3c6
rwx---rwt,1707,01707,0x3c7,3c7
rwx--x--t,1710,01710,0x3c8,3c8
rwx--x--t,1711,01711,0x3c9,3c9
rwx--x-wt,1712,01712,0x3ca,3ca
rwx--x-wt,1713,01713,0x3cb,3cb
rwx--x-rt,1714,01714,0x3cc,3cc
rwx--xr-t,1715,01715,0x3cd,3cd
rwx--xrwt,1716,01716,0x3ce,3ce
rwx--xrwt,1717,01717,0x3cf,3cf
rwx-w---t,1720,01720,0x3d0,3d0
rwx-w---t,1721,01721,0x3d1,3d1
rwx-w--wt,1722,01722,0x3d2,3d2
rwx-w--wt,1723,01723,0x3d3,3d3
rwx-w--rt,1724,01724,0x3d4,3d4
rwx-w-r-t,1725,01725,0x3d5,3d5
rwx-w-rwt,1726,01726,0x3d6,3d6
rwx-w-rwt,1727,01727,0x3d7,3d7
rwx-wx--t,1730,01730,0x3d8,3d8
rwx-wx--t,1731,01731,0x3d9,3d9
rwx-wx-wt,1732,01732,0x3da,3da
rwx-wx-wt,1733,01733,0x3db,3db
rwx-wx-rt,1734,01734,0x3dc,3dc
rwx-wxr-t,1735,01735,0x3dd,3dd
rwx-wxrwt,1736,01736,0x3de,3de
rwx-wxrwt,1737,01737,0x3df,3df
rwx-r---t,1740,01740,0x3e0,3e0
rwx-r---t,1741,01741,0x3e1,3e1
rwx-r--wt,1742,01742,0x3e2,3e2
rwx-r--wt,1743,01743,0x3e3,3e3
rwx-r--rt,1744,01744,0x3e4,3e4
rwx-r-r-t,1745,01745,0x3e5,3e5
rwx-r-rwt,1746,01746,0x3e6,3e6
rwx-r-rwt,1747,01747,0x3e7,3e7
rwxr-x--t,1750,01750,0x3e8,3e8
rwxr-x--t,1751,01751,0x3e9,3e9
rwxr-x-wt,1752,01752,0x3ea,3ea
rwxr-x-wt,1753,01753,0x3eb,3eb
rwxr-x-rt,1754,01754,0x3ec,3ec
rwxr-xr-t,1755,01755,0x3ed,3ed
rwxr-xrwt,1756,01756,0x3ee,3ee
rwxr-xrwt,1757,01757,0x3ef,3ef
rwxrw---t,1760,01760,0x3f0,3f0
rwxrw---t,1761,01761,0x3f1,3f1
rwxrw--wt,1762,01762,0x3f2,3f2
rwxrw--wt,1763,01763,0x3f3,3f3
rwxrw--rt,1764,01764,0x3f4,3f4
rwxrw-r-t,1765,01765,0x3f5,3f5
rwxrw-rwt,1766,01766,0x3f6,3f6
rwxrw-rwt,1767,01767,0x3f7,3f7
rwxrwx--t,1770,01770,0x3f8,3f8
rwxrwx--t,1771,01771,0x3f9,3f9
rwxrwx-wt,1772,01772,0x3fa,3fa
rwxrwx-wt,1773,01773,0x3fb,3fb
rwxrwx-rt,1774,01774,0x3fc,3fc
rwxrwxr-t,1775,01775,0x3fd,3fd
rwxrwxrwt,1776,01776,0x3fe,3fe
rwxrwxrwt,1777,01777,0x3ff,3ff
-----s---,2000,02000,0x400,400
-----s--x,2001,02001,0x401,401
-----s-w-,2002,02002,0x402,402
-----s-wx,2003,02003,0x403,403
-----s-r-,2004,02004,0x404,404
-----sr-x,2005,02005,0x405,405
-----srw-,2006,02006,0x406,406
-----srwx,2007,02007,0x407,407
-----s---,2010,02010,0x408,408
-----s--x,2011,02011,0x409,409
-----s-w-,2012,02012,0x40a,40a
-----s-wx,2013,02013,0x40b,40b
-----s-r-,2014,02014,0x40c,40c
-----sr-x,2015,02015,0x40d,40d
-----srw-,2016,02016,0x40e,40e
-----srwx,2017,02017,0x40f,40f
----ws---,2020,02020,0x410,410
----ws--x,2021,02021,0x411,411
----ws-w-,2022,02022,0x412,412
----ws-wx,2023,02023,0x413,413
----ws-r-,2024,02024,0x414,414
----wsr-x,2025,02025,0x415,415
----wsrw-,2026,02026,0x416,416
----wsrwx,2027,02027,0x417,417
----ws---,2030,02030,0x418,418
----ws--x,2031,02031,0x419,419
----ws-w-,2032,02032,0x41a,41a
----ws-wx,2033,02033,0x41b,41b
----ws-r-,2034,02034,0x41c,41c
----wsr-x,2035,02035,0x41d,41d
----wsrw-,2036,02036,0x41e,41e
----wsrwx,2037,02037,0x41f,41f
----rs---,2040,02040,0x420,420
----rs--x,2041,02041,0x421,421
----rs-w-,2042,02042,0x422,422
----rs-wx,2043,02043,0x423,423
----rs-r-,2044,02044,0x424,424
----rsr-x,2045,02045,0x425,425
----rsrw-,2046,02046,0x426,426
----rsrwx,2047,02047,0x427,427
---r-s---,2050,02050,0x428,428
---r-s--x,2051,02051,0x429,429
---r-s-w-,2052,02052,0x42a,42a
---r-s-wx,2053,02053,0x42b,42b
---r-s-r-,2054,02054,0x42c,42c
---r-sr-x,2055,02055,0x42d,42d
---r-srw-,2056,02056,0x42e,42e
---r-srwx,2057,02057,0x42f,42f
---rws---,2060,02060,0x430,430
---rws--x,2061,02061,0x431,431
---rws-w-,2062,02062,0x432,432
---rws-wx,2063,02063,0x433,433
---rws-r-,2064,02064,0x434,434
---rwsr-x,2065,02065,0x435,435
---rwsrw-,2066,02066,0x436,436
---rwsrwx,2067,02067,0x437,437
---rws---,2070,02070,0x438,438
---rws--x,2071,02071,0x439,439
---rws-w-,2072,02072,0x43a,43a
---rws-wx,2073,02073,0x43b,43b
---rws-r-,2074,02074,0x43c,43c
---rwsr-x,2075,02075,0x43d,43d
---rwsrw-,2076,02076,0x43e,43e
---rwsrwx,2077,02077,0x43f,43f
--x--s---,2100,02100,0x440,440
--x--s--x,2101,02101,0x441,441
--x--s-w-,2102,02102,0x442,442
--x--s-wx,2103,02103,0x443,443
--x--s-r-,2104,02104,0x444,444
--x--sr-x,2105,02105,0x445,445
--x--srw-,2106,02106,0x446,446
--x--srwx,2107,02107,0x447,447
--x--s---,2110,02110,0x448,448
--x--s--x,2111,02111,0x449,449
--x--s-w-,2112,02112,0x44a,44a
--x--s-wx,2113,02113,0x44b,44b
--x--s-r-,2114,02114,0x44c,44c
--x--sr-x,2115,02115,0x44d,44d
--x--srw-,2116,02116,0x44e,44e
--x--srwx,2117,02117,0x44f,44f
--x-ws---,2120,02120,0x450,450
--x-ws--x,2121,02121,0x451,451
--x-ws-w-,2122,02122,0x452,452
--x-ws-wx,2123,02123,0x453,453
--x-ws-r-,2124,02124,0x454,454
--x-wsr-x,2125,02125,0x455,455
--x-wsrw-,2126,02126,0x456,456
--x-wsrwx,2127,02127,0x457,457
--x-ws---,2130,02130,0x458,458
--x-ws--x,2131,02131,0x459,459
--x-ws-w-,2132,02132,0x45a,45a
--x-ws-wx,2133,02133,0x45b,45b
--x-ws-r-,2134,02134,0x45c,45c
--x-wsr-x,2135,02135,0x45d,45d
--x-wsrw-,2136,02136,0x45e,45e
--x-wsrwx,2137,02137,0x45f,45f
--x-rs---,2140,02140,0x460,460
--x-rs--x,2141,02141,0x461,461
--x-rs-w-,2142,02142,0x462,462
--x-rs-wx,2143,02143,0x463,463
--x-rs-r-,2144,02144,0x464,464
--x-rsr-x,2145,02145,0x465,465
--x-rsrw-,2146,02146,0x466,466
--x-rsrwx,2147,02147,0x467,467
--xr-s---,2150,02150,0x468,468
--xr-s--x,2151,02151,0x469,469
--xr-s-w-,2152,02152,0x46a,46a
--xr-s-wx,2153,02153,0x46b,46b
--xr-s-r-,2154,02154,0x46c,46c
--xr-sr-x,2155,02155,0x46d,46d
--xr-srw-,2156,02156,0x46e,46e
--xr-srwx,2157,02157,0x46f,46f
--xrws---,2160,02160,0x470,470
--xrws--x,2161,02161,0x471,471
--xrws-w-,2162,02162,0x472,472
--xrws-wx,2163,02163,0x473,473
--xrws-r-,2164,02164,0x474,474
--xrwsr-x,2165,02165,0x475,475
--xrwsrw-,2166,02166,0x476,476
--xrwsrwx,2167,02167,0x477,477
--xrws---,2170,02170,0x478,478
--xrws--x,2171,02171,0x479,479
--xrws-w-,2172,02172,0x47a,47a
--xrws-wx,2173,02173,0x47b,47b
--xrws-r-,2174,02174,0x47c,47c
--xrwsr-x,2175,02175,0x47d,47d
--xrwsrw-,2176,02176,0x47e,47e
--xrwsrwx,2177,02177,0x47f,47f
-w---s---,2200,02200,0x480,480
-w---s--x,2201,02201,0x481,481
-w---s-w-,2202,02202,0x482,482
-w---s-wx,2203,02203,0x483,483
-w---s-r-,2204,02204,0x484,484
-w---sr-x,2205,02205,0x485,485
-w---srw-,2206,02206,0x486,486
-w---srwx,2207,02207,0x487,487
-w---s---,2210,02210,0x488,488
-w---s--x,2211,02211,0x489,489
-w---s-w-,2212,02212,0x48a,48a
-w---s-wx,2213,02213,0x48b,48b
-w---s-r-,2214,02214,0x48c,48c
-w---sr-x,2215,02215,0x48d,48d
-w---srw-,2216,02216,0x48e,48e
-w---srwx,2217,02217,0x48f,48f
-w--ws---,2220,02220,0x490,490
-w--ws--x,2221,02221,0x491,491
-w--ws-w-,2222,02222,0x492,492
-w--ws-wx,2223,02223,0x493,493
-w--ws-r-,2224,02224,0x494,494
-w--wsr-x,2225,02225,0x495,495
-w--wsrw-,2226,02226,0x496,496
-w--wsrwx,2227,02227,0x497,497
-w--ws---,2230,02230,0x498,498
-w--ws--x,2231,02231,0x499,499
-w--ws-w-,2232,02232,0x49a,49a
-w--ws-wx,2233,02233,0x49b,49b
-w--ws-r-,2234,02234,0x49c,49c
-w--wsr-x,2235,02235,0x49d,49d
-w--wsrw-,2236,02236,0x49e,49e
-w--wsrwx,2237,02237,0x49f,49f
-w--rs---,2240,02240,0x4a0,4a0
-w--rs--x,2241,02241,0x4a1,4a1
-w--rs-w-,2242,02242,0x4a2,4a2
-w--rs-wx,2243,02243,0x4a3,4a3
-w--rs-r-,2244,02244,0x4a4,4a4
-w--rsr-x,2245,02245,0x4a5,4a5
-w--rsrw-,2246,02246,0x4a6,4a6
-w--rsrwx,2247,02247,0x4a7,4a7
-w-r-s---,2250,02250,0x4a8,4a8
-w-r-s--x,2251,02251,0x4a9,4a9
-w-r-s-w-,2252,02252,0x4aa,4aa
-w-r-s-wx,2253,02253,0x4ab,4ab
-w-r-s-r-,2254,02254,0x4ac,4ac
-w-r-sr-x,2255,02255,0x4ad,4ad
-w-r-srw-,2256,02256,0x4ae,4ae
-w-r-srwx,2257,02257,0x4af,4af
-w-rws---,2260,02260,0x4b0,4b0
-w-rws--x,2261,02261,0x4b1,4b1
-w-rws-w-,2262,02262,0x4b2,4b2
-w-rws-wx,2263,02263,0x4b3,4b3
-w-rws-r-,2264,02264,0x4b4,4b4
-w-rwsr-x,2265,02265,0x4b5,4b5
-w-rwsrw-,2266,02266,0x4b6,4b6
-w-rwsrwx,2267,02267,0x4b7,4b7
-w-rws---,2270,02270,0x4b8,4b8
-w-rws--x,2271,02271,0x4b9,4b9
-w-rws-w-,2272,02272,0x4ba,4ba
-w-rws-wx,2273,02273,0x4bb,4bb
-w-rws-r-,2274,02274,0x4bc,4bc
-w-rwsr-x,2275,02275,0x4bd,4bd
-w-rwsrw-,2276,02276,0x4be,4be
-w-rwsrwx,2277,02277,0x4bf,4bf
-wx--s---,2300,02300,0x4c0,4c0
-wx--s--x,2301,02301,0x4c1,4c1
-wx--s-w-,2302,02302,0x4c2,4c2
-wx--s-wx,2303,02303,0x4c3,4c3
-wx--s-r-,2304,02304,0x4c4,4c4
-wx--sr-x,2305,02305,0x4c5,4c5
-wx--srw-,2306,02306,0x4c6,4c6
-wx--srwx,2307,02307,0x4c7,4c7
-wx--s---,2310,02310,0x4c8,4c8
-wx--s--x,2311,02311,0x4c9,4c9
-wx--s-w-,2312,02312,0x4ca,4ca
-wx--s-wx,2313,02313,0x4cb,4cb
-wx--s-r-,2314,02314,0x4cc,4cc
-wx--sr-x,2315,02315,0x4cd,4cd
-wx--srw-,2316,02316,0x4ce,4ce
-wx--srwx,2317,02317,0x4cf,4cf
-wx-ws---,2320,02320,0x4d0,4d0
-wx-ws--x,2321,02321,0x4d1,4d1
-wx-ws-w-,2322,02322,0x4d2,4d2
-wx-ws-wx,2323,02323,0x4d3,4d3
-wx-ws-r-,2324,02324,0x4d4,4d4
-wx-wsr-x,2325,02325,0x4d5,4d5
-wx-wsrw-,2326,02326,0x4d6,4d6
-wx-wsrwx,2327,02327,0x4d7,4d7
-wx-ws---,2330,02330,0x4d8,4d8
-wx-ws--x,2331,02331,0x4d9,4d9
-wx-ws-w-,2332,02332,0x4da,4da
-wx-ws-wx,2333,02333,0x4db,4db
-wx-ws-r-,2334,02334,0x4dc,4dc
-wx-wsr-x,2335,02335,0x4dd,4dd
-wx-wsrw-,2336,02336,0x4de,4de
-wx-wsrwx,2337,02337,0x4df,4df
-wx-rs---,2340,02340,0x4e0,4e0
-wx-rs--x,2341,02341,0x4e1,4e1
-wx-rs-w-,2342,02342,0x4e2,4e2
-wx-rs-wx,2343,02343,0x4e3,4e3
-wx-rs-r-,2344,02344,0x4e4,4e4
-wx-rsr-x,2345,02345,0x4e5,4e5
-wx-rsrw-,2346,02346,0x4e6,4e6
-wx-rsrwx,2347,02347,0x4e7,4e7
-wxr-s---,2350,02350,0x4e8,4e8
-wxr-s--x,2351,02351,0x4e9,4e9
-wxr-s-w-,2352,02352,0x4ea,4ea
-wxr-s-wx,2353,02353,0x4eb,4eb
-wxr-s-r-,2354,02354,0x4ec,4ec
-wxr-sr-x,2355,02355,0x4ed,4ed
-wxr-srw-,2356,02356,0x4ee,4ee
-wxr-srwx,2357,02357,0x4ef,4ef
-wxrws---,2360,02360,0x4f0,4f0
-wxrws--x,2361,02361,0x4f1,4f1
-wxrws-w-,2362,02362,0x4f2,4f2
-wxrws-wx,2363,02363,0x4f3,4f3
-wxrws-r-,2364,02364,0x4f4,4f4
-wxrwsr-x,2365,02365,0x4f5,4f5
-wxrwsrw-,2366,02366,0x4f6,4f6
-wxrwsrwx,2367,02367,0x4f7,4f7
-wxrws---,2370,02370,0x4f8,4f8
-wxrws--x,2371,02371,0x4f9,4f9
-wxrws-w-,2372,02372,0x4fa,4fa
-wxrws-wx,2373,02373,0x4fb,4fb
-wxrws-r-,2374,02374,0x4fc,4fc
-wxrwsr-x,2375,02375,0x4fd,4fd
-wxrwsrw-,2376,02376,0x4fe,4fe
-wxrwsrwx,2377,02377,0x4ff,4ff
-r---s---,2400,02400,0x500,500
-r---s--x,2401,02401,0x501,501
-r---s-w-,2402,02402,0x502,502
-r---s-wx,2403,02403,0x503,503
-r---s-r-,2404,02404,0x504,504
-r---sr-x,2405,02405,0x505,505
-r---srw-,2406,02406,0x506,506
-r---srwx,2407,02407,0x507,507
-r---s---,2410,02410,0x508,508
-r---s--x,2411,02411,0x509,509
-r---s-w-,2412,02412,0x50a,50a
-r---s-wx,2413,02413,0x50b,50b
-r---s-r-,2414,02414,0x50c,50c
-r---sr-x,2415,02415,0x50d,50d
-r---srw-,2416,02416,0x50e,50e
-r---srwx,2417,02417,0x50f,50f
-r--ws---,2420,02420,0x510,510
-r--ws--x,2421,02421,0x511,511
-r--ws-w-,2422,02422,0x512,512
-r--ws-wx,2423,02423,0x513,513
-r--ws-r-,2424,02424,0x514,514
-r--wsr-x,2425,02425,0x515,515
-r--wsrw-,2426,02426,0x516,516
-r--wsrwx,2427,02427,0x517,517
-r--ws---,2430,02430,0x518,518
-r--ws--x,2431,02431,0x519,519
-r--ws-w-,2432,02432,0x51a,51a
-r--ws-wx,2433,02433,0x51b,51b
-r--ws-r-,2434,02434,0x51c,51c
-r--wsr-x,2435,02435,0x51d,51d
-r--wsrw-,2436,02436,0x51e,51e
-r--wsrwx,2437,02437,0x51f,51f
-r--rs---,2440,02440,0x520,520
-r--rs--x,2441,02441,0x521,521
-r--rs-w-,2442,02442,0x522,522
-r--rs-wx,2443,02443,0x523,523
-r--rs-r-,2444,02444,0x524,524
-r--rsr-x,2445,02445,0x525,525
-r--rsrw-,2446,02446,0x526,526
-r--rsrwx,2447,02447,0x527,527
-r-r-s---,2450,02450,0x528,528
-r-r-s--x,2451,02451,0x529,529
-r-r-s-w-,2452,02452,0x52a,52a
-r-r-s-wx,2453,02453,0x52b,52b
-r-r-s-r-,2454,02454,0x52c,52c
-r-r-sr-x,2455,02455,0x52d,52d
-r-r-srw-,2456,02456,0x52e,52e
-r-r-srwx,2457,02457,0x52f,52f
-r-rws---,2460,02460,0x530,530
-r-rws--x,2461,02461,0x531,531
-r-rws-w-,2462,02462,0x532,532
-r-rws-wx,2463,02463,0x533,533
-r-rws-r-,2464,02464,0x534,534
-r-rwsr-x,2465,02465,0x535,535
-r-rwsrw-,2466,02466,0x536,536
-r-rwsrwx,2467,02467,0x537,537
-r-rws---,2470,02470,0x538,538
-r-rws--x,2471,02471,0x539,539
-r-rws-w-,2472,02472,0x53a,53a
-r-rws-wx,2473,02473,0x53b,53b
-r-rws-r-,2474,02474,0x53c,53c
-r-rwsr-x,2475,02475,0x53d,53d
-r-rwsrw-,2476,02476,0x53e,53e
-r-rwsrwx,2477,02477,0x53f,53f
r-x--s---,2500,02500,0x540,540
r-x--s--x,2501,02501,0x541,541
r-x--s-w-,2502,02502,0x542,542
r-x--s-wx,2503,02503,0x543,543
r-x--s-r-,2504,02504,0x544,544
r-x--sr-x,2505,02505,0x545,545
r-x--srw-,2506,02506,0x546,546
r-x--srwx,2507,02507,0x547,547
r-x--s---,2510,02510,0x548,548
r-x--s--x,2511,02511,0x549,549
r-x--s-w-,2512,02512,0x54a,54a
r-x--s-wx,2513,02513,0x54b,54b
r-x--s-r-,2514,02514,0x54c,54c
r-x--sr-x,2515,02515,0x54d,54d
r-x--srw-,2516,02516,0x54e,54e
r-x--srwx,2517,02517,0x54f,54f
r-x-ws---,2520,02520,0x550,550
r-x-ws--x,2521,02521,0x551,551
r-x-ws-w-,2522,02522,0x552,552
r-x-ws-wx,2523,02523,0x553,553
r-x-ws-r-,2524,02524,0x554,554
r-x-wsr-x,2525,02525,0x555,555
r-x-wsrw-,2526,02526,0x556,556
r-x-wsrwx,2527,02527,0x557,557
r-x-ws---,2530,02530,0x558,558
r-x-ws--x,2531,02531,0x559,559
r-x-ws-w-,2532,02532,0x55a,55a
r-x-ws-wx,2533,02533,0x55b,55b
r-x-ws-r-,2534,02534,0x55c,55c
r-x-wsr-x,2535,02535,0x55d,55d
r-x-wsrw-,2536,02536,0x55e,55e
r-x-wsrwx,2537,02537,0x55f,55f
r-x-rs---,2540,02540,0x560,560
r-x-rs--x,2541,02541,0x561,561
r-x-rs-w-,2542,02542,0x562,562
r-x-rs-wx,2543,02543,0x563,563
r-x-rs-r-,2544,02544,0x564,564
r-x-rsr-x,2545,02545,0x565,565
r-x-rsrw-,2546,02546,0x566,566
r-x-rsrwx,2547,02547,0x567,567
r-xr-s---,2550,02550,0x568,568
r-xr-s--x,2551,02551,0x569,569
r-xr-s-w-,2552,02552,0x56a,56a
r-xr-s-wx,2553,02553,0x56b,56b
r-xr-s-r-,2554,02554,0x56c,56c
r-xr-sr-x,2555,02555,0x56d,56d
r-xr-srw-,2556,02556,0x56e,56e
r-xr-srwx,2557,02557,0x56f,56f
r-xrws---,2560,02560,0x570,570
r-xrws--x,2561,02561,0x571,571
r-xrws-w-,2562,02562,0x572,572
r-xrws-wx,2563,02563,0x573,573
r-xrws-r-,2564,02564,0x574,574
r-xrwsr-x,2565,02565,0x575,575
r-xrwsrw-,2566,02566,0x576,576
r-xrwsrwx,2567,02567,0x577,577
r-xrws---,2570,02570,0x578,578
r-xrws--x,2571,02571,0x579,579
r-xrws-w-,2572,02572,0x57a,57a
r-xrws-wx,2573,02573,0x57b,57b
r-xrws-r-,2574,02574,0x57c,57c
r-xrwsr-x,2575,02575,0x57d,57d
r-xrwsrw-,2576,02576,0x57e,57e
r-xrwsrwx,2577,02577,0x57f,57f
rw---s---,2600,02600,0x580,580
rw---s--x,2601,02601,0x581,581
rw---s-w-,2602,02602,0x582,582
rw---s-wx,2603,02603,0x583,583
rw---s-r-,2604,02604,0x584,584
rw---sr-x,2605,02605,0x585,585
rw---srw-,2606,02606,0x586,586
rw---srwx,2607,02607,0x587,587
rw---s---,2610,02610,0x588,588
rw---s--x,2611,02611,0x589,589
rw---s-w-,2612,02612,0x58a,58a
rw---s-wx,2613,02613,0x58b,58b
rw---s-r-,2614,02614,0x58c,58c
rw---sr-x,2615,02615,0x58d,58d
rw---srw-,2616,02616,0x58e,58e
rw---srwx,2617,02617,0x58f,58f
rw--ws---,2620,02620,0x590,590
rw--ws--x,2621,02621,0x591,591
rw--ws-w-,2622,02622,0x592,592
rw--ws-wx,2623,02623,0x593,593
rw--ws-r-,2624,02624,0x594,594
rw--wsr-x,2625,02625,0x595,595
rw--wsrw-,2626,02626,0x596,596
rw--wsrwx,2627,02627,0x597,597
rw--ws---,2630,02630,0x598,598
rw--ws--x,2631,02631,0x599,599
rw--ws-w-,2632,02632,0x59a,59a
rw--ws-wx,2633,02633,0x59b,59b
rw--ws-r-,2634,02634,0x59c,59c
rw--wsr-x,2635,02635,0x59d,59d
rw--wsrw-,2636,02636,0x59e,59e
rw--wsrwx,2637,02637,0x59f,59f
rw--rs---,2640,02640,0x5a0,5a0
rw--rs--x,2641,02641,0x5a1,5a1
rw--rs-w-,2642,02642,0x5a2,5a2
rw--rs-wx,2643,02643,0x5a3,5a3
rw--rs-r-,2644,02644,0x5a4,5a4
rw--rsr-x,2645,02645,0x5a5,5a5
rw--rsrw-,2646,02646,0x5a6,5a6
rw--rsrwx,2647,02647,0x5a7,5a7
rw-r-s---,2650,02650,0x5a8,5a8
rw-r-s--x,2651,02651,0x5a9,5a9
rw-r-s-w-,2652,02652,0x5aa,5aa
rw-r-s-wx,2653,02653,0x5ab,5ab
rw-r-s-r-,2654,02654,0x5ac,5ac
rw-r-sr-x,2655,02655,0x5ad,5ad
rw-r-srw-,2656,02656,0x5ae,5ae
rw-r-srwx,2657,02657,0x5af,5af
rw-rws---,2660,02660,0x5b0,5b0
rw-rws--x,2661,02661,0x5b1,5b1
rw-rws-w-,2662,02662,0x5b2,5b2
rw-rws-wx,2663,02663,0x5b3,5b3
rw-rws-r-,2664,02664,0x5b4,5b4
rw-rwsr-x,2665,02665,0x5b5,5b5
rw-rwsrw-,2666,02666,0x5b6,5b6
rw-rwsrwx,2667,02667,0x5b7,5b7
rw-rws---,2670,02670,0x5b8,5b8
rw-rws--x,2671,02671,0x5b9,5b9
rw-rws-w-,2672,02672,0x5ba,5ba
rw-rws-wx,2673,02673,0x5bb,5bb
rw-rws-r-,2674,02674,0x5bc,5bc
rw-rwsr-x,2675,02675,0x5bd,5bd
rw-rwsrw-,2676,02676,0x5be,5be
rw-rwsrwx,2677,02677,0x5bf,5bf
rwx--s---,2700,02700,0x5c0,5c0
rwx--s--x,2701,02701,0x5c1,5c1
rwx--s-w-,2702,02702,0x5c2,5c2
rwx--s-wx,2703,02703,0x5c3,5c3
rwx--s-r-,2704,02704,0x5c4,5c4
rwx--sr-x,2705,02705,0x5c5,5c5
rwx--srw-,2706,02706,0x5c6,5c6
rwx--srwx,2707,02707,0x5c7,5c7
rwx--s---,2710,02710,0x5c8,5c8
rwx--s--x,2711,02711,0x5c9,5c9
rwx--s-w-,2712,02712,0x5ca,5ca
rwx--s-wx,2713,02713,0x5cb,5cb
rwx--s-r-,2714,02714,0x5cc,5cc
rwx--sr-x,2715,02715,0x5cd,5cd
rwx--srw-,2716,02716,0x5ce,5ce
rwx--srwx,2717,02717,0x5cf,5cf
rwx-ws---,2720,02720,0x5d0,5d0
rwx-ws--x,2721,02721,0x5d1,5d1
rwx-ws-w-,2722,02722,0x5d2,5d2
rwx-ws-wx,2723,02723,0x5d3,5d3
rwx-ws-r-,2724,02724,0x5d4,5d4
rwx-wsr-x,2725,02725,0x5d5,5d5
rwx-wsrw-,2726,02726,0x5d6,5d6
rwx-wsrwx,2727,02727,0x5d7,5d7
rwx-ws---,2730,02730,0x5d8,5d8
rwx-ws--x,2731,02731,0x5d9,5d9
rwx-ws-w-,2732,02732,0x5da,5da
rwx-ws-wx,2733,02733,0x5db,5db
rwx-ws-r-,2734,02734,0x5dc,5dc
rwx-wsr-x,2735,02735,0x5dd,5dd
rwx-wsrw-,2736,02736,0x5de,5de
rwx-wsrwx,2737,02737,0x5df,5df
rwx-rs---,2740,02740,0x5e0,5e0
rwx-rs--x,2741,02741,0x5e1,5e1
rwx-rs-w-,2742,02742,0x5e2,5e2
rwx-rs-wx,2743,02743,0x5e3,5e3
rwx-rs-r-,2744,02744,0x5e4,5e4
rwx-rsr-x,2745,02745,0x5e5,5e5
rwx-rsrw-,2746,02746,0x5e6,5e6
rwx-rsrwx,2747,02747,0x5e7,5e7
rwxr-s---,2750,02750,0x5e8,5e8
rwxr-s--x,2751,02751,0x5e9,5e9
rwxr-s-w-,2752,02752,0x5ea,5ea
rwxr-s-wx,2753,02753,0x5eb,5eb
rwxr-s-r-,2754,02754,0x5ec,5ec
rwxr-sr-x,2755,02755,0x5ed,5ed
rwxr-srw-,2756,02756,0x5ee,5ee
rwxr-srwx,2757,02757,0x5ef,5ef
rwxrws---,2760,02760,0x5f0,5f0
rwxrws--x,2761,02761,0x5f1,5f1
rwxrws-w-,2762,02762,0x5f2,5f2
rwxrws-wx,2763,02763,0x5f3,5f3
rwxrws-r-,2764,02764,0x5f4,5f4
rwxrwsr-x,2765,02765,0x5f5,5f5
rwxrwsrw-,2766,02766,0x5f6,5f6
rwxrwsrwx,2767,02767,0x5f7,5f7
rwxrws---,2770,02770,0x5f8,5f8
rwxrws--x,2771,02771,0x5f9,5f9
rwxrws-w-,2772,02772,0x5fa,5fa
rwxrws-wx,2773,02773,0x5fb,5fb
rwxrws-r-,2774,02774,0x5fc,5fc
rwxrwsr-x,2775,02775,0x5fd,5fd
rwxrwsrw-,2776,02776,0x5fe,5fe
rwxrwsrwx,2777,02777,0x5ff,5ff
--s------,4000,04000,0x800,800
--s-----x,4001,04001,0x801,801
--s----w-,4002,04002,0x802,802
--s----wx,4003,04003,0x803,803
--s----r-,4004,04004,0x804,804
--s---r-x,4005,04005,0x805,805
--s---rw-,4006,04006,0x806,806
--s---rwx,4007,04007,0x807,807
--s--x---,4010,04010,0x808,808
--s--x--x,4011,04011,0x809,809
--s--x-w-,4012,04012,0x80a,80a
--s--x-wx,4013,04013,0x80b,80b
--s--x-r-,4014,04014,0x80c,80c
--s--xr-x,4015,04015,0x80d,80d
--s--xrw-,4016,04016,0x80e,80e
--s--xrwx,4017,04017,0x80f,80f
--s-w----,4020,04020,0x810,810
--s-w---x,4021,04021,0x811,811
--s-w--w-,4022,04022,0x812,812
--s-w--wx,4023,04023,0x813,813
--s-w--r-,4024,04024,0x814,814
--s-w-r-x,4025,04025,0x815,815
--s-w-rw-,4026,04026,0x816,816
--s-w-rwx,4027,04027,0x817,817
--s-wx---,4030,04030,0x818,818
--s-wx--x,4031,04031,0x819,819
--s-wx-w-,4032,04032,0x81a,81a
--s-wx-wx,4033,04033,0x81b,81b
--s-wx-r-,4034,04034,0x81c,81c
--s-wxr-x,4035,04035,0x81d,81d
--s-wxrw-,4036,04036,0x81e,81e
--s-wxrwx,4037,04037,0x81f,81f
--s-r----,4040,04040,0x820,820
--s-r---x,4041,04041,0x821,821
--s-r--w-,4042,04042,0x822,822
--s-r--wx,4043,04043,0x823,823
--s-r--r-,4044,04044,0x824,824
--s-r-r-x,4045,04045,0x825,825
--s-r-rw-,4046,04046,0x826,826
--s-r-rwx,4047,04047,0x827,827
--sr-x---,4050,04050,0x828,828
--sr-x--x,4051,04051,0x829,829
--sr-x-w-,4052,04052,0x82a,82a
--sr-x-wx,4053,04053,0x82b,82b
--sr-x-r-,4054,04054,0x82c,82c
--sr-xr-x,4055,04055,0x82d,82d
--sr-xrw-,4056,04056,0x82e,82e
--sr-xrwx,4057,04057,0x82f,82f
--srw----,4060,04060,0x830,830
--srw---x,4061,04061,0x831,831
--srw--w-,4062,04062,0x832,832
--srw--wx,4063,04063,0x833,833
--srw--r-,4064,04064,0x834,834
--srw-r-x,4065,04065,0x835,835
--srw-rw-,4066,04066,0x836,836
--srw-rwx,4067,04067,0x837,837
--srwx---,4070,04070,0x838,838
--srwx--x,4071,04071,0x839,839
--srwx-w-,4072,04072,0x83a,83a
--srwx-wx,4073,04073,0x83b,83b
--srwx-r-,4074,04074,0x83c,83c
--srwxr-x,4075,04075,0x83d,83d
--srwxrw-,4076,04076,0x83e,83e
--srwxrwx,4077,04077,0x83f,83f
--s------,4100,04100,0x840,840
--s-----x,4101,04101,0x841,841
--s----w-,4102,04102,0x842,842
--s----wx,4103,04103,0x843,843
--s----r-,4104,04104,0x844,844
--s---r-x,4105,04105,0x845,845
--s---rw-,4106,04106,0x846,846
--s---rwx,4107,04107,0x847,847
--s--x---,4110,04110,0x848,848
--s--x--x,4111,04111,0x849,849
--s--x-w-,4112,04112,0x84a,84a
--s--x-wx,4113,04113,0x84b,84b
--s--x-r-,4114,04114,0x84c,84c
--s--xr-x,4115,04115,0x84d,84d
--s--xrw-,4116,04116,0x84e,84e
--s--xrwx,4117,04117,0x84f,84f
--s-w----,4120,04120,0x850,850
--s-w---x,4121,04121,0x851,851
--s-w--w-,4122,04122,0x852,852
--s-w--wx,4123,04123,0x853,853
--s-w--r-,4124,04124,0x854,854
--s-w-r-x,4125,04125,0x855,855
--s-w-rw-,4126,04126,0x856,856
--s-w-rwx,4127,04127,0x857,857
--s-wx---,4130,04130,0x858,858
--s-wx--x,4131,04131,0x859,859
--s-wx-w-,4132,04132,0x85a,85a
--s-wx-wx,4133,04133,0x85b,85b
--s-wx-r-,4134,04134,0x85c,85c
--s-wxr-x,4135,04135,0x85d,85d
--s-wxrw-,4136,04136,0x85e,85e
--s-wxrwx,4137,04137,0x85f,85f
--s-r----,4140,04140,0x860,860
--s-r---x,4141,04141,0x861,861
--s-r--w-,4142,04142,0x862,862
--s-r--wx,4143,04143,0x863,863
--s-r--r-,4144,04144,0x864,864
--s-r-r-x,4145,04145,0x865,865
--s-r-rw-,4146,04146,0x866,866
--s-r-rwx,4147,04147,0x867,867
--sr-x---,4150,04150,0x868,868
--sr-x--x,4151,04151,0x869,869
--sr-x-w-,4152,04152,0x86a,86a
--sr-x-wx,4153,04153,0x86b,86b
--sr-x-r-,4154,04154,0x86c,86c
--sr-xr-x,4155,04155,0x86d,86d
--sr-xrw-,4156,04156,0x86e,86e
--sr-xrwx,4157,04157,0x86f,86f
--srw----,4160,04160,0x870,870
--srw---x,4161,04161,0x871,871
--srw--w-,4162,04162,0x872,872
--srw--wx,4163,04163,0x873,873
--srw--r-,4164,04164,0x874,874
--srw-r-x,4165,04165,0x875,875
--srw-rw-,4166,04166,0x876,876
--srw-rwx,4167,04167,0x877,877
--srwx---,4170,04170,0x878,878
--srwx--x,4171,04171,0x879,879
--srwx-w-,4172,04172,0x87a,87a
--srwx-wx,4173,04173,0x87b,87b
--srwx-r-,4174,04174,0x87c,87c
--srwxr-x,4175,04175,0x87d,87d
--srwxrw-,4176,04176,0x87e,87e
--srwxrwx,4177,04177,0x87f,87f
-ws------,4200,04200,0x880,880
-ws-----x,4201,04201,0x881,881
-ws----w-,4202,04202,0x882,882
-ws----wx,4203,04203,0x883,883
-ws----r-,4204,04204,0x884,884
-ws---r-x,4205,04205,0x885,885
-ws---rw-,4206,04206,0x886,886
-ws---rwx,4207,04207,0x887,887
-ws--x---,4210,04210,0x888,888
-ws--x--x,4211,04211,0x889,889
-ws--x-w-,4212,04212,0x88a,88a
-ws--x-wx,4213,04213,0x88b,88b
-ws--x-r-,4214,04214,0x88c,88c
-ws--xr-x,4215,04215,0x88d,88d
-ws--xrw-,4216,04216,0x88e,88e
-ws--xrwx,4217,04217,0x88f,88f
-ws-w----,4220,04220,0x890,890
-ws-w---x,4221,04221,0x891,891
-ws-w--w-,4222,04222,0x892,892
-ws-w--wx,4223,04223,0x893,893
-ws-w--r-,4224,04224,0x894,894
-ws-w-r-x,4225,04225,0x895,895
-ws-w-rw-,4226,04226,0x896,896
-ws-w-rwx,4227,04227,0x897,897
-ws-wx---,4230,04230,0x898,898
-ws-wx--x,4231,04231,0x899,899
-ws-wx-w-,4232,04232,0x89a,89a
-ws-wx-wx,4233,04233,0x89b,89b
-ws-wx-r-,4234,04234,0x89c,89c
-ws-wxr-x,4235,04235,0x89d,89d
-ws-wxrw-,4236,04236,0x89e,89e
-ws-wxrwx,4237,04237,0x89f,89f
-ws-r----,4240,04240,0x8a0,8a0
-ws-r---x,4241,04241,0x8a1,8a1
-ws-r--w-,4242,04242,0x8a2,8a2
-ws-r--wx,4243,04243,0x8a3,8a3
-ws-r--r-,4244,04244,0x8a4,8a4
-ws-r-r-x,4245,04245,0x8a5,8a5
-ws-r-rw-,4246,04246,0x8a6,8a6
-ws-r-rwx,4247,04247,0x8a7,8a7
-wsr-x---,4250,04250,0x8a8,8a8
-wsr-x--x,4251,04251,0x8a9,8a9
-wsr-x-w-,4252,04252,0x8aa,8aa
-wsr-x-wx,4253,04253,0x8ab,8ab
-wsr-x-r-,4254,04254,0x8ac,8ac
-wsr-xr-x,4255,04255,0x8ad,8ad
-wsr-xrw-,4256,04256,0x8ae,8ae
-wsr-xrwx,4257,04257,0x8af,8af
-wsrw----,4260,04260,0x8b0,8b0
-wsrw---x,4261,04261,0x8b1,8b1
-wsrw--w-,4262,04262,0x8b2,8b2
-wsrw--wx,4263,04263,0x8b3,8b3
-wsrw--r-,4264,04264,0x8b4,8b4
-wsrw-r-x,4265,04265,0x8b5,8b5
-wsrw-rw-,4266,04266,0x8b6,8b6
-wsrw-rwx,4267,04267,0x8b7,8b7
-wsrwx---,4270,04270,0x8b8,8b8
-wsrwx--x,4271,04271,0x8b9,8b9
-wsrwx-w-,4272,04272,0x8ba,8ba
-wsrwx-wx,4273,04273,0x8bb,8bb
-wsrwx-r-,4274,04274,0x8bc,8bc
-wsrwxr-x,4275,04275,0x8bd,8bd
-wsrwxrw-,4276,04276,0x8be,8be
-wsrwxrwx,4277,04277,0x8bf,8bf
-ws------,4300,04300,0x8c0,8c0
-ws-----x,4301,04301,0x8c1,8c1
-ws----w-,4302,04302,0x8c2,8c2
-ws----wx,4303,04303,0x8c3,8c3
-ws----r-,4304,04304,0x8c4,8c4
-ws---r-x,4305,04305,0x8c5,8c5
-ws---rw-,4306,04306,0x8c6,8c6
-ws---rwx,4307,04307,0x8c7,8c7
-ws--x---,4310,04310,0x8c8,8c8
-ws--x--x,4311,04311,0x8c9,8c9
-ws--x-w-,4312,04312,0x8ca,8ca
-ws--x-wx,4313,04313,0x8cb,8cb
-ws--x-r-,4314,04314,0x8cc,8cc
-ws--xr-x,4315,04315,0x8cd,8cd
-ws--xrw-,4316,04316,0x8ce,8ce
-ws--xrwx,4317,04317,0x8cf,8cf
-ws-w----,4320,04320,0x8d0,8d0
-ws-w---x,4321,04321,0x8d1,8d1
-ws-w--w-,4322,04322,0x8d2,8d2
-ws-w--wx,4323,04323,0x8d3,8d3
-ws-w--r-,4324,04324,0x8d4,8d4
-ws-w-r-x,4325,04325,0x8d5,8d5
-ws-w-rw-,4326,04326,0x8d6,8d6
-ws-w-rwx,4327,04327,0x8d7,8d7
-ws-wx---,4330,04330,0x8d8,8d8
-ws-wx--x,4331,04331,0x8d9,8d9
-ws-wx-w-,4332,04332,0x8da,8da
-ws-wx-wx,4333,04333,0x8db,8db
-ws-wx-r-,4334,04334,0x8dc,8dc
-ws-wxr-x,4335,04335,0x8dd,8dd
-ws-wxrw-,4336,04336,0x8de,8de
-ws-wxrwx,4337,04337,0x8df,8df
-ws-r----,4340,04340,0x8e0,8e0
-ws-r---x,4341,04341,0x8e1,8e1
-ws-r--w-,4342,04342,0x8e2,8e2
-ws-r--wx,4343,04343,0x8e3,8e3
-ws-r--r-,4344,04344,0x8e4,8e4
-ws-r-r-x,4345,04345,0x8e5,8e5
-ws-r-rw-,4346,04346,0x8e6,8e6
-ws-r-rwx,4347,04347,0x8e7,8e7
-wsr-x---,4350,04350,0x8e8,8e8
-wsr-x--x,4351,04351,0x8e9,8e9
-wsr-x-w-,4352,04352,0x8ea,8ea
-wsr-x-wx,4353,04353,0x8eb,8eb
-wsr-x-r-,4354,04354,0x8ec,8ec
-wsr-xr-x,4355,04355,0x8ed,8ed
-wsr-xrw-,4356,04356,0x8ee,8ee
-wsr-xrwx,4357,04357,0x8ef,8ef
-wsrw----,4360,04360,0x8f0,8f0
-wsrw---x,4361,04361,0x8f1,8f1
-wsrw--w-,4362,04362,0x8f2,8f2
-wsrw--wx,4363,04363,0x8f3,8f3
-wsrw--r-,4364,04364,0x8f4,8f4
-wsrw-r-x,4365,04365,0x8f5,8f5
-wsrw-rw-,4366,04366,0x8f6,8f6
-wsrw-rwx,4367,04367,0x8f7,8f7
-wsrwx---,4370,04370,0x8f8,8f8
-wsrwx--x,4371,04371,0x8f9,8f9
-wsrwx-w-,4372,04372,0x8fa,8fa
-wsrwx-wx,4373,04373,0x8fb,8fb
-wsrwx-r-,4374,04374,0x8fc,8fc
-wsrwxr-x,4375,04375,0x8fd,8fd
-wsrwxrw-,4376,04376,0x8fe,8fe
-wsrwxrwx,4377,04377,0x8ff,8ff
-rs------,4400,04400,0x900,900
-rs-----x,4401,04401,0x901,901
-rs----w-,4402,04402,0x902,902
-rs----wx,4403,04403,0x903,903
-rs----r-,4404,04404,0x904,904
-rs---r-x,4405,04405,0x905,905
-rs---rw-,4406,04406,0x906,906
-rs---rwx,4407,04407,0x907,907
-rs--x---,4410,04410,0x908,908
-rs--x--x,4411,04411,0x909,909
-rs--x-w-,4412,04412,0x90a,90a
-rs--x-wx,4413,04413,0x90b,90b
-rs--x-r-,4414,04414,0x90c,90c
-rs--xr-x,4415,04415,0x90d,90d
-rs--xrw-,4416,04416,0x90e,90e
-rs--xrwx,4417,04417,0x90f,90f
-rs-w----,4420,04420,0x910,910
-rs-w---x,4421,04421,0x911,911
-rs-w--w-,4422,04422,0x912,912
-rs-w--wx,4423,04423,0x913,913
-rs-w--r-,4424,04424,0x914,914
-rs-w-r-x,4425,04425,0x915,915
-rs-w-rw-,4426,04426,0x916,916
-rs-w-rwx,4427,04427,0x917,917
-rs-wx---,4430,04430,0x918,918
-rs-wx--x,4431,04431,0x919,919
-rs-wx-w-,4432,04432,0x91a,91a
-rs-wx-wx,4433,04433,0x91b,91b
-rs-wx-r-,4434,04434,0x91c,91c
-rs-wxr-x,4435,04435,0x91d,91d
-rs-wxrw-,4436,04436,0x91e,91e
-rs-wxrwx,4437,04437,0x91f,91f
-rs-r----,4440,04440,0x920,920
-rs-r---x,4441,04441,0x921,921
-rs-r--w-,4442,04442,0x922,922
-rs-r--wx,4443,04443,0x923,923
-rs-r--r-,4444,04444,0x924,924
-rs-r-r-x,4445,04445,0x925,925
-rs-r-rw-,4446,04446,0x926,926
-rs-r-rwx,4447,04447,0x927,927
-rsr-x---,4450,04450,0x928,928
-rsr-x--x,4451,04451,0x929,929
-rsr-x-w-,4452,04452,0x92a,92a
-rsr-x-wx,4453,04453,0x92b,92b
-rsr-x-r-,4454,04454,0x92c,92c
-rsr-xr-x,4455,04455,0x92d,92d
-rsr-xrw-,4456,04456,0x92e,92e
-rsr-xrwx,4457,04457,0x92f,92f
-rsrw----,4460,04460,0x930,930
-rsrw---x,4461,04461,0x931,931
-rsrw--w-,4462,04462,0x932,932
-rsrw--wx,4463,04463,0x933,933
-rsrw--r-,4464,04464,0x934,934
-rsrw-r-x,4465,04465,0x935,935
-rsrw-rw-,4466,04466,0x936,936
-rsrw-rwx,4467,04467,0x937,937
-rsrwx---,4470,04470,0x938,938
-rsrwx--x,4471,04471,0x939,939
-rsrwx-w-,4472,04472,0x93a,93a
-rsrwx-wx,4473,04473,0x93b,93b
-rsrwx-r-,4474,04474,0x93c,93c
-rsrwxr-x,4475,04475,0x93d,93d
-rsrwxrw-,4476,04476,0x93e,93e
-rsrwxrwx,4477,04477,0x93f,93f
r-s------,4500,04500,0x940,940
r-s-----x,4501,04501,0x941,941
r-s----w-,4502,04502,0x942,942
r-s----wx,4503,04503,0x943,943
r-s----r-,4504,04504,0x944,944
r-s---r-x,4505,04505,0x945,945
r-s---rw-,4506,04506,0x946,946
r-s---rwx,4507,04507,0x947,947
r-s--x---,4510,04510,0x948,948
r-s--x--x,4511,04511,0x949,949
r-s--x-w-,4512,04512,0x94a,94a
r-s--x-wx,4513,04513,0x94b,94b
r-s--x-r-,4514,04514,0x94c,94c
r-s--xr-x,4515,04515,0x94d,94d
r-s--xrw-,4516,04516,0x94e,94e
r-s--xrwx,4517,04517,0x94f,94f
r-s-w----,4520,04520,0x950,950
r-s-w---x,4521,04521,0x951,951
r-s-w--w-,4522,04522,0x952,952
r-s-w--wx,4523,04523,0x953,953
r-s-w--r-,4524,04524,0x954,954
r-s-w-r-x,4525,04525,0x955,955
r-s-w-rw-,4526,04526,0x956,956
r-s-w-rwx,4527,04527,0x957,957
r-s-wx---,4530,04530,0x958,958
r-s-wx--x,4531,04531,0x959,959
r-s-wx-w-,4532,04532,0x95a,95a
r-s-wx-wx,4533,04533,0x95b,95b
r-s-wx-r-,4534,04534,0x95c,95c
r-s-wxr-x,4535,04535,0x95d,95d
r-s-wxrw-,4536,04536,0x95e,95e
r-s-wxrwx,4537,04537,0x95f,95f
r-s-r----,4540,04540,0x960,960
r-s-r---x,4541,04541,0x961,961
r-s-r--w-,4542,04542,0x962,962
r-s-r--wx,4543,04543,0x963,963
r-s-r--r-,4544,04544,0x964,964
r-s-r-r-x,4545,04545,0x965,965
r-s-r-rw-,4546,04546,0x966,966
r-s-r-rwx,4547,04547,0x967,967
r-sr-x---,4550,04550,0x968,968
r-sr-x--x,4551,04551,0x969,969
r-sr-x-w-,4552,04552,0x96a,96a
r-sr-x-wx,4553,04553,0x96b,96b
r-sr-x-r-,4554,04554,0x96c,96c
r-sr-xr-x,4555,04555,0x96d,96d
r-sr-xrw-,4556,04556,0x96e,96e
r-sr-xrwx,4557,04557,0x96f,96f
r-srw----,4560,04560,0x970,970
r-srw---x,4561,04561,0x971,971
r-srw--w-,4562,04562,0x972,972
r-srw--wx,4563,04563,0x973,973
r-srw--r-,4564,04564,0x974,974
r-srw-r-x,4565,04565,0x975,975
r-srw-rw-,4566,04566,0x976,976
r-srw-rwx,4567,04567,0x977,977
r-srwx---,4570,04570,0x978,978
r-srwx--x,4571,04571,0x979,979
r-srwx-w-,4572,04572,0x97a,97a
r-srwx-wx,4573,04573,0x97b,97b
r-srwx-r-,4574,04574,0x97c,97c
r-srwxr-x,4575,04575,0x97d,97d
r-srwxrw-,4576,04576,0x97e,97e
r-srwxrwx,4577,04577,0x97f,97f
rws------,4600,04600,0x980,980
rws-----x,4601,04601,0x981,981
rws----w-,4602,04602,0x982,982
rws----wx,4603,04603,0x983,983
rws----r-,4604,04604,0x984,984
rws---r-x,4605,04605,0x985,985
rws---rw-,4606,04606,0x986,986
rws---rwx,4607,04607,0x987,987
rws--x---,4610,04610,0x988,988
rws--x--x,4611,04611,0x989,989
rws--x-w-,4612,04612,0x98a,98a
rws--x-wx,4613,04613,0x98b,98b
rws--x-r-,4614,04614,0x98c,98c
rws--xr-x,4615,04615,0x98d,98d
rws--xrw-,4616,04616,0x98e,98e
rws--xrwx,4617,04617,0x98f,98f
rws-w----,4620,04620,0x990,990
rws-w---x,4621,04621,0x991,991
rws-w--w-,4622,04622,0x992,992
rws-w--wx,4623,04623,0x993,993
rws-w--r-,4624,04624,0x994,994
rws-w-r-x,4625,04625,0x995,995
rws-w-rw-,4626,04626,0x996,996
rws-w-rwx,4627,04627,0x997,997
rws-wx---,4630,04630,0x998,998
rws-wx--x,4631,04631,0x999,999
rws-wx-w-,4632,04632,0x99a,99a
rws-wx-wx,4633,04633,0x99b,99b
rws-wx-r-,4634,04634,0x99c,99c
rws-wxr-x,4635,04635,0x99d,99d
rws-wxrw-,4636,04636,0x99e,99e
rws-wxrwx,4637,04637,0x99f,99f
rws-r----,4640,04640,0x9a0,9a0
rws-r---x,4641,04641,0x9a1,9a1
rws-r--w-,4642,04642,0x9a2,9a2
rws-r--wx,4643,04643,0x9a3,9a3
rws-r--r-,4644,04644,0x9a4,9a4
rws-r-r-x,4645,04645,0x9a5,9a5
rws-r-rw-,4646,04646,0x9a6,9a6
rws-r-rwx,4647,04647,0x9a7,9a7
rwsr-x---,4650,04650,0x9a8,9a8
rwsr-x--x,4651,04651,0x9a9,9a9
rwsr-x-w-,4652,04652,0x9aa,9aa
rwsr-x-wx,4653,04653,0x9ab,9ab
rwsr-x-r-,4654,04654,0x9ac,9ac
rwsr-xr-x,4655,04655,0x9ad,9ad
rwsr-xrw-,4656,04656,0x9ae,9ae
rwsr-xrwx,4657,04657,0x9af,9af
rwsrw----,4660,04660,0x9b0,9b0
rwsrw---x,4661,04661,0x9b1,9b1
rwsrw--w-,4662,04662,0x9b2,9b2
rwsrw--wx,4663,04663,0x9b3,9b3
rwsrw--r-,4664,04664,0x9b4,9b4
rwsrw-r-x,4665,04665,0x9b5,9b5
rwsrw-rw-,4666,04666,0x9b6,9b6
rwsrw-rwx,4667,04667,0x9b7,9b7
rwsrwx---,4670,04670,0x9b8,9b8
rwsrwx--x,4671,04671,0x9b9,9b9
rwsrwx-w-,4672,04672,0x9ba,9ba
rwsrwx-wx,4673,04673,0x9bb,9bb
rwsrwx-r-,4674,04674,0x9bc,9bc
rwsrwxr-x,4675,04675,0x9bd,9bd
rwsrwxrw-,4676,04676,0x9be,9be
rwsrwxrwx,4677,04677,0x9bf,9bf
rws------,4700,04700,0x9c0,9c0
rws-----x,4701,04701,0x9c1,9c1
rws----w-,4702,04702,0x9c2,9c2
rws----wx,4703,04703,0x9c3,9c3
rws----r-,4704,04704,0x9c4,9c4
rws---r-x,4705,04705,0x9c5,9c5
rws---rw-,4706,04706,0x9c6,9c6
rws---rwx,4707,04707,0x9c7,9c7
rws--x---,4710,04710,0x9c8,9c8
rws--x--x,4711,04711,0x9c9,9c9
rws--x-w-,4712,04712,0x9ca,9ca
rws--x-wx,4713,04713,0x9cb,9cb
rws--x-r-,4714,04714,0x9cc,9cc
rws--xr-x,4715,04715,0x9cd,9cd
rws--xrw-,4716,04716,0x9ce,9ce
rws--xrwx,4717,04717,0x9cf,9cf
rws-w----,4720,04720,0x9d0,9d0
rws-w---x,4721,04721,0x9d1,9d1
rws-w--w-,4722,04722,0x9d2,9d2
rws-w--wx,4723,04723,0x9d3,9d3
rws-w--r-,4724,04724,0x9d4,9d4
rws-w-r-x,4725,04725,0x9d5,9d5
rws-w-rw-,4726,04726,0x9d6,9d6
rws-w-rwx,4727,04727,0x9d7,9d7
rws-wx---,4730,04730,0x9d8,9d8
rws-wx--x,4731,04731,0x9d9,9d9
rws-wx-w-,4732,04732,0x9da,9da
rws-wx-wx,4733,04733,0x9db,9db
rws-wx-r-,4734,04734,0x9dc,9dc
rws-wxr-x,4735,04735,0x9dd,9dd
rws-wxrw-,4736,04736,0x9de,9de
rws-wxrwx,4737,04737,0x9df,9df
rws-r----,4740,04740,0x9e0,9e0
rws-r---x,4741,04741,0x9e1,9e1
rws-r--w-,4742,04742,0x9e2,9e2
rws-r--wx,4743,04743,0x9e3,9e3
rws-r--r-,4744,04744,0x9e4,9e4
rws-r-r-x,4745,04745,0x9e5,9e5
rws-r-rw-,4746,04746,0x9e6,9e6
rws-r-rwx,4747,04747,0x9e7,9e7
rwsr-x---,4750,04750,0x9e8,9e8
rwsr-x--x,4751,04751,0x9e9,9e9
rwsr-x-w-,4752,04752,0x9ea,9ea
rwsr-x-wx,4753,04753,0x9eb,9eb
rwsr-x-r-,4754,04754,0x9ec,9ec
rwsr-xr-x,4755,04755,0x9ed,9ed
rwsr-xrw-,4756,04756,0x9ee,9ee
rwsr-xrwx,4757,04757,0x9ef,9ef
rwsrw----,4760,04760,0x9f0,9f0
rwsrw---x,4761,04761,0x9f1,9f1
rwsrw--w-,4762,04762,0x9f2,9f2
rwsrw--wx,4763,04763,0x9f3,9f3
rwsrw--r-,4764,04764,0x9f4,9f4
rwsrw-r-x,4765,04765,0x9f5,9f5
rwsrw-rw-,4766,04766,0x9f6,9f6
rwsrw-rwx,4767,04767,0x9f7,9f7
rwsrwx---,4770,04770,0x9f8,9f8
rwsrwx--x,4771,04771,0x9f9,9f9
rwsrwx-w-,4772,04772,0x9fa,9fa
rwsrwx-wx,4773,04773,0x9fb,9fb
rwsrwx-r-,4774,04774,0x9fc,9fc
rwsrwxr-x,4775,04775,0x9fd,9fd
rwsrwxrw-,4776,04776,0x9fe,9fe
rwsrwxrwx,4777,04777,0x9ff,9ff
